-- MySQL dump 10.13  Distrib 8.0.26, for Win64 (x86_64)
--
-- Host: localhost    Database: mint
-- ------------------------------------------------------
-- Server version	8.0.28

/*!40101 SET @OLD_CHARACTER_SET_CLIENT=@@CHARACTER_SET_CLIENT */;
/*!40101 SET @OLD_CHARACTER_SET_RESULTS=@@CHARACTER_SET_RESULTS */;
/*!40101 SET @OLD_COLLATION_CONNECTION=@@COLLATION_CONNECTION */;
/*!50503 SET NAMES utf8 */;
/*!40103 SET @OLD_TIME_ZONE=@@TIME_ZONE */;
/*!40103 SET TIME_ZONE='+00:00' */;
/*!40014 SET @OLD_UNIQUE_CHECKS=@@UNIQUE_CHECKS, UNIQUE_CHECKS=0 */;
/*!40014 SET @OLD_FOREIGN_KEY_CHECKS=@@FOREIGN_KEY_CHECKS, FOREIGN_KEY_CHECKS=0 */;
/*!40101 SET @OLD_SQL_MODE=@@SQL_MODE, SQL_MODE='NO_AUTO_VALUE_ON_ZERO' */;
/*!40111 SET @OLD_SQL_NOTES=@@SQL_NOTES, SQL_NOTES=0 */;

--
-- Table structure for table `artist`
--

DROP TABLE IF EXISTS `artist`;
/*!40101 SET @saved_cs_client     = @@character_set_client */;
/*!50503 SET character_set_client = utf8mb4 */;
CREATE TABLE `artist` (
  `artist_id` bigint NOT NULL AUTO_INCREMENT,
  `name` varchar(255) COLLATE utf8mb4_unicode_ci NOT NULL,
  `concert_id` bigint DEFAULT NULL,
  PRIMARY KEY (`artist_id`),
  KEY `FKeltymty0s1u1l7k8rfhr2p9my` (`concert_id`),
  CONSTRAINT `FKeltymty0s1u1l7k8rfhr2p9my` FOREIGN KEY (`concert_id`) REFERENCES `concert` (`concert_id`)
) ENGINE=InnoDB AUTO_INCREMENT=83 DEFAULT CHARSET=utf8mb4 COLLATE=utf8mb4_unicode_ci;
/*!40101 SET character_set_client = @saved_cs_client */;

--
-- Dumping data for table `artist`
--

LOCK TABLES `artist` WRITE;
/*!40000 ALTER TABLE `artist` DISABLE KEYS */;
INSERT INTO `artist` VALUES (65,'RED_VELVET',63),(67,'IU',65),(68,'BRAVE_GIRLS',66),(69,'OH_MY_GIRL',67),(71,'TEAYEON',69),(72,'TWICE',70),(74,'HIGHLIGHT',72),(78,'RED_VELVET',76),(79,'ASTRO',77),(81,'BTS',79),(82,'BTS',80);
/*!40000 ALTER TABLE `artist` ENABLE KEYS */;
UNLOCK TABLES;

--
-- Table structure for table `cids`
--

DROP TABLE IF EXISTS `cids`;
/*!40101 SET @saved_cs_client     = @@character_set_client */;
/*!50503 SET character_set_client = utf8mb4 */;
CREATE TABLE `cids` (
  `cids_id` bigint NOT NULL AUTO_INCREMENT,
  `cid` varchar(255) COLLATE utf8mb4_unicode_ci DEFAULT NULL,
  `concert_id` bigint DEFAULT NULL,
  PRIMARY KEY (`cids_id`),
  KEY `FK7h1dnun65uui5c44tif3ceykf` (`concert_id`),
  CONSTRAINT `FK7h1dnun65uui5c44tif3ceykf` FOREIGN KEY (`concert_id`) REFERENCES `concert` (`concert_id`)
) ENGINE=InnoDB AUTO_INCREMENT=313 DEFAULT CHARSET=utf8mb4 COLLATE=utf8mb4_unicode_ci;
/*!40101 SET character_set_client = @saved_cs_client */;

--
-- Dumping data for table `cids`
--

LOCK TABLES `cids` WRITE;
/*!40000 ALTER TABLE `cids` DISABLE KEYS */;
INSERT INTO `cids` VALUES (250,'{\"gif\":\"files/URIImg/6d7cbf45-fd9f-4c5b-b1e6-6f1dfccd0594_irin.gif\",\"mp4\":\"files/URIImg/87d0b947-a3ab-46dd-a881-598595fcf466_irin.mp4\"}',63),(251,'{\"gif\":\"files/URIImg/a3c5f3e0-87aa-4ef4-aaa9-1863155ed3ae_joy.gif\",\"mp4\":\"files/URIImg/8835342a-cb75-44ab-90b2-70236fa57954_joy.mp4\"}',63),(252,'{\"gif\":\"files/URIImg/b4cfa67c-eaa5-493d-af54-911498986eae_sulgi.gif\",\"mp4\":\"files/URIImg/088fcfae-e851-428f-8287-bbc583d49226_sulgi.mp4\"}',63),(253,'{\"gif\":\"files/URIImg/5e296941-283a-41bd-9d97-a027db7e8afb_wendy.gif\",\"mp4\":\"files/URIImg/553dafd5-5bde-4750-bc84-a43c98f503bd_wendy.mp4\"}',63),(254,'{\"gif\":\"files/URIImg/10bb2c5b-a614-4f8f-a8d1-caf47653ad4c_yeri.gif\",\"mp4\":\"files/URIImg/15eb8654-3789-4184-8a1f-f35912076466_yeri.mp4\"}',63),(260,'{\"gif\":\"files/URIImg/a1b8bae0-238e-4a1a-9314-cb87c91d34b1_iu1.gif\",\"mp4\":\"files/URIImg/9f9f6729-33d9-417d-97d0-10db1a59c50c_iu1.video.mp4\"}',65),(261,'{\"gif\":\"files/URIImg/82afdc67-5c57-4a82-a7e4-c45e9e4ca0e1_iu2.gif\",\"mp4\":\"files/URIImg/f8341602-3262-4fde-9593-31fd4f60e08f_iu2.video.mp4\"}',65),(262,'{\"gif\":\"files/URIImg/ad916776-101b-49b7-83af-6ed32c61b3f6_iu3.gif\",\"mp4\":\"files/URIImg/6d0893d1-1796-4eb9-a808-7d225ee2446e_iu3.video.mp4\"}',65),(263,'{\"gif\":\"files/URIImg/146d1683-ac7c-4f34-bf43-801c79639199_iu4.gif\",\"mp4\":\"files/URIImg/9e2971f4-820a-4ad1-8e27-dcfe0b10f4fd_iu4.vide.mp4\"}',65),(264,'{\"gif\":\"files/URIImg/42b2e4aa-c86b-4e43-8a27-1a31425ce2f1_iu5.gif\",\"mp4\":\"files/URIImg/8eb86950-967f-4331-991e-c43646edb2a8_iu5.video.mp4\"}',65),(265,'{\"gif\":\"files/URIImg/0789d4ee-fbd2-4a59-979e-85a440a9a8cf_iu6.gif\",\"mp4\":\"files/URIImg/bb9ba398-b6e0-4c63-8e1d-ae7c5f6ae529_iu6.video.mp4\"}',65),(266,'{\"gif\":\"files/URIImg/10f9e9bf-ee66-4f0e-aee5-c1bf8ef24b98_1.gif\",\"mp4\":\"files/URIImg/3453676d-a56a-4f83-8f57-df8a1ceb24f5_1.mp4\"}',66),(267,'{\"gif\":\"files/URIImg/a3edbf15-f2ad-4352-8362-313018531dc9_2.gif\",\"mp4\":\"files/URIImg/e7604ad3-7348-4244-9aeb-8e22113b6f05_2.mp4\"}',66),(268,'{\"gif\":\"files/URIImg/b911fae0-42c9-407e-9fb8-53313b8971c3_3.gif\",\"mp4\":\"files/URIImg/9fc0adca-c3de-4e87-bb03-763a4de5ae4d_3.mp4\"}',66),(269,'{\"gif\":\"files/URIImg/dea731da-b268-4639-b6a4-9b89c30f68f7_0h2.gif\",\"mp4\":\"files/URIImg/1ea00b11-f24b-4216-89f5-278397c3b134_ezgif.com-gif-maker (23).mp4\"}',67),(270,'{\"gif\":\"files/URIImg/ac956dd5-ad14-49bf-87e7-696f831e3f66_oh1.gif\",\"mp4\":\"files/URIImg/14d2f5cc-f224-46b3-824a-dad2bc23c613_ezgif.com-gif-maker (24).mp4\"}',67),(271,'{\"gif\":\"files/URIImg/1aec54c1-a4d8-4f3d-bdc1-816b304b3fa7_oh3.gif\",\"mp4\":\"files/URIImg/0ef91663-1be2-49bd-b1b6-21e43686fcfb_ezgif.com-gif-maker (25).mp4\"}',67),(272,'{\"gif\":\"files/URIImg/8544c80d-7c98-4705-9776-4936a8e61fcf_oh4.gif\",\"mp4\":\"files/URIImg/0c6b79d2-fce8-4bb4-9cf9-f5735e3a2de1_ezgif.com-gif-maker (26).mp4\"}',67),(273,'{\"gif\":\"files/URIImg/6928ca2b-bc46-4134-81ed-a750bdfbd7e0_oh5.gif\",\"mp4\":\"files/URIImg/913ee9c4-600b-490d-a353-6af979e723dc_ezgif.com-gif-maker (27).mp4\"}',67),(274,'{\"gif\":\"files/URIImg/cb45c911-91bb-4e97-8ad7-59de278c1d61_oh6.gif\",\"mp4\":\"files/URIImg/1839c40e-3e0a-4bf3-9081-9d24e81e12e3_ezgif.com-gif-maker (28).mp4\"}',67),(290,'{\"gif\":\"files/URIImg/31acb068-c43c-4879-9d2c-d7b3d932cf92_irin.gif\",\"mp4\":\"files/URIImg/b4dba2ad-98b8-4a0d-8323-fe2602ef8911_irin.mp4\"}',76),(291,'{\"gif\":\"files/URIImg/c1ac2340-8c87-4339-a736-4be11e139f0a_joy.gif\",\"mp4\":\"files/URIImg/84af3424-56b9-48c9-b8f1-f62dcbbba125_joy.mp4\"}',76),(292,'{\"gif\":\"files/URIImg/3730260d-cbf0-495f-876b-33d5bcab1bd9_sulgi.gif\",\"mp4\":\"files/URIImg/dcb03d6d-4624-4950-8265-968a619bdbd6_sulgi.mp4\"}',76),(293,'{\"gif\":\"files/URIImg/837c7312-3343-40e9-9ac7-5f1bee5ab62f_wendy.gif\",\"mp4\":\"files/URIImg/39b80fab-ecec-4ca9-8eae-98c7ff1b1f7f_wendy.mp4\"}',76),(294,'{\"gif\":\"files/URIImg/8171dad3-834e-45f3-bca9-63a078e93e20_yeri.gif\",\"mp4\":\"files/URIImg/0f0edee9-83e6-42b1-8fd0-a028c8d3033b_yeri.mp4\"}',76),(295,'{\"gif\":\"files/URIImg/83881fba-5b84-4513-9c2a-22be010bce48_cew.gif\",\"mp4\":\"files/URIImg/c9b3b63c-0e56-42ad-bbfb-5fdb87df5c57_cew.mp4\"}',77),(296,'{\"gif\":\"files/URIImg/fb8e7c09-3909-4e69-baa5-4d6555d8149d_cha.gif\",\"mp4\":\"files/URIImg/f560841b-573d-4aa1-a123-d8eaa71966f0_cha.mp4\"}',77),(297,'{\"gif\":\"files/URIImg/f6761e38-ff7d-4486-9b9e-d1b078a57a74_chch.gif\",\"mp4\":\"files/URIImg/954359e5-c794-4c13-b17a-635d760c0f71_chch.mp4\"}',77),(298,'{\"gif\":\"files/URIImg/ca7ab006-c9d8-490d-bf65-ed254599255f_moon.gif\",\"mp4\":\"files/URIImg/983ab5fb-42b3-4aa7-97b6-d45bc8161f1d_moon.mp4\"}',77),(299,'{\"gif\":\"files/URIImg/7f332511-4116-439f-9afd-bfee9c6585f2_sanha.gif\",\"mp4\":\"files/URIImg/c9585aec-83e8-4144-a555-a069e121d864_sanha.mp4\"}',77),(300,'{\"gif\":\"files/URIImg/b8506bd1-56f4-4b34-8ded-ed5c24e025d8_v2.gif\",\"mp4\":\"files/URIImg/e79e83a9-573f-4820-b418-374fd536722c_v.mp4\"}',79),(301,'{\"gif\":\"files/URIImg/94046cfa-2b74-48be-ac00-fc339b05e87c_rm.gif\",\"mp4\":\"files/URIImg/db14131e-463a-4630-9ac0-58492783471e_rm.mp4\"}',79),(302,'{\"gif\":\"files/URIImg/72b6f0f1-601e-44e5-b100-98776cadaebf_jin.gif\",\"mp4\":\"files/URIImg/fd1e6405-1729-4826-a0cd-716b9757ef23_jin.mp4\"}',79),(303,'{\"gif\":\"files/URIImg/64435490-6446-40a5-bed2-adbecce95ccd_jimin2.gif\",\"mp4\":\"files/URIImg/dce127aa-e6b8-47f7-aadc-ebb3eb69a85d_jm.mp4\"}',79),(304,'{\"gif\":\"files/URIImg/537bbac7-e444-4d75-a610-46753aec40bb_hop.gif\",\"mp4\":\"files/URIImg/61a95b51-18a9-4b2b-8277-675e18b18ad4_hop.mp4\"}',79),(305,'{\"gif\":\"files/URIImg/afaabe8e-edbe-4465-8ea6-9e85d5d23042_guk.gif\",\"mp4\":\"files/URIImg/47fd62ac-8bf0-49d8-b636-59ba461b2cdb_jk.mp4\"}',79),(306,'{\"gif\":\"files/URIImg/86f959d0-e200-49dc-a245-d9668313f7fe_jhope.gif\",\"mp4\":\"files/URIImg/2c224071-a201-4678-b926-ef11a0180ada_jhope.mp4\"}',80),(307,'{\"gif\":\"files/URIImg/7d9ec02e-d300-4e3c-a95e-10f504ccaddc_jin.gif\",\"mp4\":\"files/URIImg/f7c45a9c-1a3f-47f7-8018-46565ab569a9_jin.mp4\"}',80),(308,'{\"gif\":\"files/URIImg/025f9910-541f-4f74-a151-125299399173_jk.gif\",\"mp4\":\"files/URIImg/00893c01-5865-4836-a78d-548c180bf689_jk.mp4\"}',80),(309,'{\"gif\":\"files/URIImg/f0423f34-7e6c-4ba5-9c5d-d4c8401603ff_jm.gif\",\"mp4\":\"files/URIImg/929ab8f3-bf69-4812-82e6-347b2851ed8c_jm.mp4\"}',80),(310,'{\"gif\":\"files/URIImg/a26d8048-e3b0-4bbd-bfda-6b16f96b0b9e_rm.gif\",\"mp4\":\"files/URIImg/967d6eb8-ac8e-4944-9bce-49d70a9ad0b2_rm.mp4\"}',80),(311,'{\"gif\":\"files/URIImg/e20b2ba5-89f2-42b6-84b0-4280ef849b93_suga.gif\",\"mp4\":\"files/URIImg/71376db3-cc77-404d-a083-47024462eeb9_suga.mp4\"}',80),(312,'{\"gif\":\"files/URIImg/5777d80a-d45c-4591-8098-1b5d91eec98c_v.gif\",\"mp4\":\"files/URIImg/75c9fa89-4fce-43e1-90e8-3a6ecd452ff6_v.mp4\"}',80);
/*!40000 ALTER TABLE `cids` ENABLE KEYS */;
UNLOCK TABLES;

--
-- Table structure for table `concert`
--

DROP TABLE IF EXISTS `concert`;
/*!40101 SET @saved_cs_client     = @@character_set_client */;
/*!50503 SET character_set_client = utf8mb4 */;
CREATE TABLE `concert` (
  `concert_id` bigint NOT NULL AUTO_INCREMENT,
  `contract_address` varchar(255) COLLATE utf8mb4_unicode_ci NOT NULL,
  `place` varchar(255) COLLATE utf8mb4_unicode_ci NOT NULL,
  `price` varchar(255) COLLATE utf8mb4_unicode_ci DEFAULT NULL,
  `sale_contract_address` varchar(255) COLLATE utf8mb4_unicode_ci NOT NULL,
  `status` int DEFAULT '0',
  `title` varchar(255) COLLATE utf8mb4_unicode_ci NOT NULL,
  PRIMARY KEY (`concert_id`)
) ENGINE=InnoDB AUTO_INCREMENT=81 DEFAULT CHARSET=utf8mb4 COLLATE=utf8mb4_unicode_ci;
/*!40101 SET character_set_client = @saved_cs_client */;

--
-- Dumping data for table `concert`
--

LOCK TABLES `concert` WRITE;
/*!40000 ALTER TABLE `concert` DISABLE KEYS */;
INSERT INTO `concert` VALUES (63,'0x1AD28f7FfAeEF66Ee9E0affc671Da5Dd3E84Bc94','서울 올림픽 공원','15','0x5c8916D9F67A9B01233976CF5a76e7C64fe8BB0a',2,'The ReVe Festival'),(65,'0x9862f7b090A8A0cb1e63ef35eEAd750A92ec773D','서울 고척 스카이돔','12','0x1D9B7EAEeC508cF39682FD9aa78EEBE38Cf8B5B9',0,'2022 아이유 투어 콘서트 〈LOVE， POEM〉－서울'),(66,'0x0b945765e993fAec4F6655cA4a8C314D1A566bDf','올림픽공원 올림픽홀','10','0xD715c8174C6208945bEfb9C9820D6F10632a4adc',1,'2022 Brave Girls 1st CONCERT ［THE BRAVE GIRLS SHOW］'),(67,'0x438fF9a678A91C35927F841d1b8EFcf9999f29EE','서울 잠실','13','0x1f2B1216544c1f8C93CBbC67cd7345AFe80A57C5',1,'MY GIRL CONCERT 겨울동화 : The Lost Memory'),(69,'0xC38743111fECdeCfB8B97078ccC2d06070B5A94A','올림픽공원 SK올림픽핸드볼경기장','20','0xa70e4F055601e0B645b107b6095b7CD2CceE1a14',0,'TAEYEON Concert - The UNSEEN'),(70,'0x226b54D556C7F82F8c4967FF23E7eAe90B326DD7','올림픽공원 SK올림픽핸드볼경기장','20','0xa068c9701a6c9862aE564B696B75bb985d700b69',0,'TWICE 1ST TOUR ‘TWICELAND -The Opening-’'),(72,'0x7F83ACff965f3210c78867a88eCFe6f4B8960000','올림픽공원 SK올림픽핸드볼경기장','20','0x717E1AA121448b2963625e313E2F5524b4f2cd6b',0,'2nd Mini Album［CELEBRATE］SHOW CASE'),(76,'0x05D7D5597999f82A697716cB0C90C42151453353','서울 올림픽 공원','15','0xe37D4bb088461e7C45702896Df5378cFecb582fF',1,'The ReVe Festival'),(77,'0xC4fD1FB3C7FAF0af726b4fd931a020CA3F7b7Bc8','올림픽공원 SK핸드볼경기장','13','0x5f34A64bBf736F504fCeB46eb83191afFA25F683',1,'2022 ASTRO AROHA FESTIVAL ‘GATE 6’ - 오프라인'),(79,'0xEeB9c715614e3AF01510c41A19F6fA212f3Bb3E0','서울 고척스카이돔','21','0xC0309d82e14683dAb55d0Bd33f916E2D3fd695C9',1,'bts world tour love yourself speak yourself the final'),(80,'0x4Ca167F63d9d8d0bC38d70e1FFE90241ec7ceD39','서울 고척 스카이돔','31','0x4eC2fe340C323f042907603DAE55040d92F81f43',1,'bts permission to dance on stage - seoul');
/*!40000 ALTER TABLE `concert` ENABLE KEYS */;
UNLOCK TABLES;

--
-- Table structure for table `files`
--

DROP TABLE IF EXISTS `files`;
/*!40101 SET @saved_cs_client     = @@character_set_client */;
/*!50503 SET character_set_client = utf8mb4 */;
CREATE TABLE `files` (
  `id` bigint NOT NULL AUTO_INCREMENT,
  `gif_url` varchar(255) COLLATE utf8mb4_unicode_ci DEFAULT NULL,
  `mp4url` varchar(255) COLLATE utf8mb4_unicode_ci DEFAULT NULL,
  PRIMARY KEY (`id`)
) ENGINE=InnoDB AUTO_INCREMENT=151 DEFAULT CHARSET=utf8mb4 COLLATE=utf8mb4_unicode_ci;
/*!40101 SET character_set_client = @saved_cs_client */;

--
-- Dumping data for table `files`
--

LOCK TABLES `files` WRITE;
/*!40000 ALTER TABLE `files` DISABLE KEYS */;
INSERT INTO `files` VALUES (1,'files/URIImg/2d696d51-0cef-417a-8c49-66101c14e5b0_irin.gif','files/URIImg/ad448aa0-9511-467f-9d42-4f0664944316_irin.mp4'),(2,'files/URIImg/5bf5f272-fee3-4e5a-b601-6d317b9300ce_irin.gif','files/URIImg/85a90a99-8b77-4e2f-931b-6bd5e145614b_irin.mp4'),(3,'files/URIImg/666c9b8a-2711-4c8e-abc2-469948d6240d_joy.gif','files/URIImg/fd11eea1-a126-4900-b827-a5bf729fce3e_joy.mp4'),(4,'files/URIImg/23b49dea-cf68-4b96-92e6-fb89c8de3025_sulgi.gif','files/URIImg/7f059f72-4ef4-41c6-a43a-939078c850a6_sulgi.mp4'),(5,'files/URIImg/c82d7133-45e3-4e80-8c73-d9a85189fb98_wendy.gif','files/URIImg/1daac042-dc74-499e-8fa0-1e10ee58111d_wendy.mp4'),(6,'files/URIImg/67f423d2-99fd-4147-8e54-a8ed9bd04f28_yeri.gif','files/URIImg/14158be5-cd7a-4208-87af-79cbc6c43db0_yeri.mp4'),(7,'files/URIImg/f3e46197-2380-45a7-8ae5-8c45ae4f8637_1.gif','files/URIImg/9da8264f-e9e6-412d-85a2-6a02e1cb839a_1.mp4'),(8,'files/URIImg/dd94baee-e8fc-4a3c-979e-fe849a7b12b5_2.gif','files/URIImg/ca8033cd-0dd4-486e-932d-036042e1bbc3_2.mp4'),(9,'files/URIImg/5fd90fb6-c393-49d7-b3f3-27b91ba867c6_3.gif','files/URIImg/98131de8-e712-402e-bd46-c202cab267d1_3.mp4'),(10,'files/URIImg/cd7a19c5-69a2-4439-8acb-02d421dc984d_0h2.gif','files/URIImg/74bb2d15-f1ad-4ec9-afd9-9a0cfa9ed563_ezgif.com-gif-maker (23).mp4'),(11,'files/URIImg/03e95931-7d6d-4200-94ce-f76bbadfe640_1.gif','files/URIImg/9a0c7e32-a30b-4856-9f56-bdd09b79f0a2_1.mp4'),(12,'files/URIImg/674e9e23-1bee-4dd4-96b1-3ee6f6fd9bdd_2.gif','files/URIImg/2d466861-e305-415c-a0a6-0a777401c7a9_2.mp4'),(13,'files/URIImg/6cced077-f115-446d-9528-1ce0fe492aea_3.gif','files/URIImg/7374446c-dc9b-48d7-9c8d-98d34e9b28b3_3.mp4'),(14,'files/URIImg/1bd65668-c0af-400f-ad8a-370697c78c32_1.gif','files/URIImg/d689cf63-0ee8-4191-8ba0-e7fe4283345d_1.mp4'),(15,'files/URIImg/6ca24edd-b73f-41e5-bafd-d3c5fd26f18b_2.gif','files/URIImg/ea2a9991-1a4f-46fe-bc11-d307c0eb438a_2.mp4'),(16,'files/URIImg/777e0022-b85c-42ae-9161-2fab9a2b5c9e_3.gif','files/URIImg/553a2bef-d130-489f-9dd9-3dc4633ab101_3.mp4'),(17,'files/URIImg/fe938840-998c-4ce7-bed7-85b697760f01_0h2.gif','files/URIImg/cd5f5e65-5626-44c2-bbc9-0ac74599ceb4_ezgif.com-gif-maker (23).mp4'),(18,'files/URIImg/e84f0044-672f-4fcc-a635-e1db2fda91c9_oh3.gif','files/URIImg/dbd4e0d8-2503-427c-bfe8-52907bd0e0d2_ezgif.com-gif-maker (25).mp4'),(19,'files/URIImg/13bf3576-73ac-442c-877b-e6c30b62e812_oh4.gif','files/URIImg/64efefe8-cd1a-4281-9381-4916baed776e_ezgif.com-gif-maker (26).mp4'),(20,'files/URIImg/ce0fe1a8-fdae-47a1-b40f-989f35539086_oh5.gif','files/URIImg/f15abca8-58f1-43e3-8125-c2ce2d70fb7a_ezgif.com-gif-maker (27).mp4'),(21,'files/URIImg/99fd4239-02fe-44fb-b3dd-798b8024beb9_oh6.gif','files/URIImg/9cd8e41a-ffe9-4a52-99f5-45b1ebbf40f2_ezgif.com-gif-maker (28).mp4'),(22,'files/URIImg/a391f794-c6f7-474e-95e9-e3052ca258b6_oh1.gif','files/URIImg/8f94522e-7629-46cb-9767-5138255ba928_ezgif.com-gif-maker (24).mp4'),(23,'files/URIImg/a3609d0f-3be4-4be4-bd5c-a44738ed4ac2_1.gif','files/URIImg/a04e4295-a905-4f69-9bac-d6f74d43c46c_1.mp4'),(24,'files/URIImg/dc63bfa8-7005-44aa-8a4c-dbb434eeca41_1.gif','files/URIImg/8de55029-4c7a-4361-9972-c350569a01a2_1.mp4'),(25,'files/URIImg/8d0a7afa-5067-44c8-ba99-7c019fcf59e6_2.gif','files/URIImg/903cb78d-6e85-4c4d-8539-1e4c4ce3126e_2.mp4'),(26,'files/URIImg/2aca6bd4-ff4d-470c-ae43-2143d0dd4ab4_3.gif','files/URIImg/24102dbd-d9af-4545-af83-097f967b51c9_3.mp4'),(27,'files/URIImg/42581a9a-9c1e-4547-9bd2-4e716f9d6adf_irin.gif','files/URIImg/590bd1f4-7eab-4ca1-b70b-c3b0b46e7b1b_irin.mp4'),(28,'files/URIImg/f9f76922-9899-466d-93de-494974f93f2e_joy.gif','files/URIImg/37ccc524-e7c6-4d85-8c55-7d063a0c0162_joy.mp4'),(29,'files/URIImg/d556272f-c7f3-4308-892b-d5d70f187aef_sulgi.gif','files/URIImg/d38a38dd-3bae-40d5-9977-35e2b15d71a0_sulgi.mp4'),(30,'files/URIImg/121d32f0-2f36-4694-abd5-2f2ce06c5cb2_yeri.gif','files/URIImg/ae206c07-b600-42d6-9e64-d6ad1ff1c609_yeri.mp4'),(31,'files/URIImg/45cbf6fd-abdc-434c-8d10-bf0d92baecee_wendy.gif','files/URIImg/8e44e0c7-5736-4cf3-acf2-a2414ed3a4b7_wendy.mp4'),(32,'files/URIImg/6d449ba0-6c86-4036-abca-7f543cca1c82_iu1.gif','files/URIImg/33ca24f4-5549-470a-9441-8d29c4bc9150_iu1.video.mp4'),(33,'files/URIImg/6bb9fda7-8fee-46b4-9eca-14d510a042ee_iu2.gif','files/URIImg/cb45482c-399f-4dc2-9cb9-360a391fdce5_iu2.video.mp4'),(34,'files/URIImg/96d09e11-87c8-4660-ac6d-5c3000637859_iu3.gif','files/URIImg/61e9a546-8f8b-4aa4-9797-21a0182b9f22_iu3.video.mp4'),(35,'files/URIImg/ec7b5301-74ef-4988-bde9-fbc3d71d63f9_1.gif','files/URIImg/cf3b9c97-c6ab-4ebe-8073-ceeb703ba7e9_1.mp4'),(36,'files/URIImg/4660681d-918d-494c-a096-679dd149fbc4_0h2.gif','files/URIImg/27036fb0-c90c-417b-beaf-ff58e57f2158_ezgif.com-gif-maker (23).mp4'),(37,'files/URIImg/345be1c0-c809-4d20-8f6d-0237e5f87050_iu1.gif','files/URIImg/7449e2d4-3fe7-478e-ad52-a3cde587c460_iu1.video.mp4'),(38,'files/URIImg/99f48021-5649-454d-a682-bb019b825e94_iu2.gif','files/URIImg/5b9612e3-c7d6-456a-85f7-3cb420844b24_iu2.video.mp4'),(39,'files/URIImg/49ef2d0c-5f2a-40e5-b774-1fcb4da52ac8_iu3.gif','files/URIImg/4af56b9a-76dd-4c3a-890e-8e7d09293a54_iu3.video.mp4'),(40,'files/URIImg/bbfcffbb-c31e-40a6-a8b9-e8735adabb69_irin.gif','files/URIImg/a7deb83c-4e03-4730-9f47-8926cb7e9032_irin.mp4'),(41,'files/URIImg/adc61f23-de20-43f6-a888-6330ff5dd588_joy.gif','files/URIImg/ca09e8cc-8e5e-4872-b3a9-1e77ac3c51b5_joy.mp4'),(42,'files/URIImg/b312c694-b094-4ee2-b0a9-6a127ceafcab_sulgi.gif','files/URIImg/92199b92-9711-424c-b14c-084d7895f00d_sulgi.mp4'),(43,'files/URIImg/2b2ad59e-6c6d-42d2-beba-5e13b7719949_wendy.gif','files/URIImg/c5f0299f-64d1-49eb-a8df-47c3c41ef4c7_wendy.mp4'),(44,'files/URIImg/e1493282-c066-484a-af21-e93339b64917_yeri.gif','files/URIImg/222d478c-f45e-4b1f-a53d-42500264874b_yeri.mp4'),(45,'files/URIImg/c70c995e-a981-4bfb-851e-b7d5d43e8a22_irin.gif','files/URIImg/fe61019f-b2c6-40d5-9f98-b9968cd5406b_irin.mp4'),(46,'files/URIImg/a7aa2baa-fb9a-418e-be27-7eedecd41ae1_joy.gif','files/URIImg/b7ffc9e5-bf6f-4fde-9a95-e86418080820_joy.mp4'),(47,'files/URIImg/e395fc12-869b-4398-b2b2-c7fbee7cfcc7_sulgi.gif','files/URIImg/9273093a-df8c-472a-85c2-abcf017e79ea_sulgi.mp4'),(48,'files/URIImg/9fb922c9-77a5-4753-a865-eb9961ea2ff8_wendy.gif','files/URIImg/45db650c-039d-4778-91a1-11e8a5dfebec_wendy.mp4'),(49,'files/URIImg/6a6fa869-1172-4580-bb11-a3de6dbdf7b1_yeri.gif','files/URIImg/bd0c9f30-2ea1-4467-b7d3-2e0079dbd5f7_yeri.mp4'),(50,'files/URIImg/edcf98c9-5353-4ee0-b971-b61d400827fb_1.gif','files/URIImg/a9d26eaa-e6d6-4d79-be69-8b826543e111_1.mp4'),(51,'files/URIImg/6b503a04-83a2-46f4-84cf-e3a9bca833cb_2.gif','files/URIImg/42365b3e-a81e-49d9-98a4-3a0f359a71be_2.mp4'),(52,'files/URIImg/144f3e88-5942-478c-8b4a-d83f10d3b3b5_3.gif','files/URIImg/2c38efdb-495e-477f-89f7-768aa5c0e1c1_3.mp4'),(53,'files/URIImg/04734e1f-1028-4db0-83e7-b5aa0c1281a0_0h2.gif','files/URIImg/d9696a85-dcbf-4473-8fef-2500fa906365_ezgif.com-gif-maker (23).mp4'),(54,'files/URIImg/fa72c02e-8cf1-4188-bc11-3fd10d4d2c6d_oh1.gif','files/URIImg/7512a3ba-decb-42fd-aca1-fb064aceab8b_ezgif.com-gif-maker (24).mp4'),(55,'files/URIImg/5dea2afd-4880-4ec7-987f-434fa876ca6f_oh3.gif','files/URIImg/e5f62545-1470-4d64-82ca-befc8bfc4ee1_ezgif.com-gif-maker (25).mp4'),(56,'files/URIImg/f10b97d4-5696-4ea2-ad7c-337a3b18c5a6_oh4.gif','files/URIImg/554fe58d-70c1-4cac-be87-c1eeeba9bb51_ezgif.com-gif-maker (26).mp4'),(57,'files/URIImg/c0a73ad6-5982-436a-b254-f6574eade481_oh5.gif','files/URIImg/1cff50f0-bf87-48f3-bd0c-087e2107929a_ezgif.com-gif-maker (27).mp4'),(58,'files/URIImg/c59d6aa3-ae22-417a-a75b-b3398a548dd6_oh6.gif','files/URIImg/febef437-aec1-4b37-b34f-f32365188413_ezgif.com-gif-maker (28).mp4'),(59,'files/URIImg/6bb5c87d-7c9e-4763-b000-426c656f5034_iu1.gif','files/URIImg/7c7e97fd-66c7-401e-aada-ffbffd52a86a_iu1.video.mp4'),(60,'files/URIImg/3cea08f3-6fde-491e-8c18-9722edea170e_iu2.gif','files/URIImg/b0cd4729-fb11-416e-90dd-7d09a915f7d7_iu2.video.mp4'),(61,'files/URIImg/67cbe20f-0990-4ce0-acf7-ffb87bc4e2ab_iu3.gif','files/URIImg/1f458d47-9dc5-468a-9757-d0a7bdb6bd95_iu3.video.mp4'),(62,'files/URIImg/bf178fce-e375-4b43-be04-163ea13bf3c0_iu4.gif','files/URIImg/06b8dda9-6758-478a-a1fc-06c084f4d821_iu4.vide.mp4'),(63,'files/URIImg/d1bfd8d8-ec5c-4ad2-9eea-5611023ac80b_ezgif-4-926ba845f3.gif','files/URIImg/cd3cabba-0851-4b27-8c59-6b2c62be05e3_tea4.mp4'),(64,'files/URIImg/f9883781-9bb3-4cab-8990-d45ad841d46f_Fine-Music-Video-Teaser-태연-002.gif','files/URIImg/9da76d30-2e45-45f4-b945-833d70d2d1f1_tea2.mp4'),(65,'files/URIImg/1b1a60a9-c0d0-414b-b59a-879001a4e327_test1.gif','files/URIImg/a47cb341-b292-4b84-8e78-ccc6212fdfd6_tea1.mp4'),(66,'files/URIImg/45d07f80-3089-439a-aed3-03b37d1790ff_test5.gif','files/URIImg/4b5cb19f-d841-406e-8f86-cc0d092c907f_tea2.mp4'),(67,'files/URIImg/c779a135-099c-417d-bf27-b2ef94b70ebe_ezgif-4-926ba845f3.gif','files/URIImg/9d5e2def-9996-4b50-8f43-7811242e2132_tea4.mp4'),(68,'files/URIImg/c6930133-8d54-4e84-b854-6c7359e9c50e_test1.gif','files/URIImg/fcaf4324-d30f-4bd4-80ed-00d5ab5fc7ae_tea1.mp4'),(69,'files/URIImg/440b6c6c-731e-4354-9830-de8ce496fde3_Fine-Music-Video-Teaser-태연-002.gif','files/URIImg/1d545131-bafc-4ae0-bbb4-96db993b2c21_tea2.mp4'),(70,'files/URIImg/38296fe9-424d-4ccb-a9a6-5425ad4ea0c6_test3.gif','files/URIImg/897952a4-479d-4b8a-9681-e3532266fdb6_tea3.mp4'),(71,'files/URIImg/231a87f8-0764-44ef-980b-43c96dd63b22_test5.gif','files/URIImg/99426410-6367-4892-a903-329ec33b4772_tea5.mp4'),(72,'files/URIImg/f811581d-2b41-4033-8cb0-fc6a3cc1011f_ezgif-4-c3532ea57a.gif','files/URIImg/bbf99f2e-808d-49bb-97de-2bbdff9dda35_ezgif.com-gif-maker (16).mp4'),(73,'files/URIImg/4d4dbe4e-0b1d-42bb-a92a-49e1c9aa28d2_ezgif-4-0a1cb9827e.gif','files/URIImg/6f4f0d84-d90b-4d50-a01d-d395855a4b86_ezgif.com-gif-maker (17).mp4'),(74,'files/URIImg/d32f01cb-e1d1-4e6a-92d6-764c81b11d96_ezgif-4-2d7411e422.gif','files/URIImg/26017e4a-7c39-47da-a217-1d4ccec7add9_ezgif.com-gif-maker (18).mp4'),(75,'files/URIImg/442eca79-7e92-424a-abce-0239b08ed31e_ezgif-4-9fae8b23fd.gif','files/URIImg/f899971a-85e3-4d24-933a-d6550dde2c08_ezgif.com-gif-maker (19).mp4'),(76,'files/URIImg/d4191af6-dfa8-49e0-b3fe-fb07c9b69ed6_ezgif-4-7866a4f28f.gif','files/URIImg/bbc4c467-0aff-46b4-bcf7-154215638117_ezgif.com-gif-maker (20).mp4'),(77,'files/URIImg/0820a7be-476e-49c1-a76e-2a8b70d5683f_ezgif-4-98339d4a49.gif','files/URIImg/044a78f8-30fb-4191-9229-02af68930952_ezgif.com-gif-maker (21).mp4'),(78,'files/URIImg/552bcda2-6c77-4f48-b55a-6f9860916504_ezgif-4-c3532ea57a.gif','files/URIImg/a647e08c-98ca-4698-ab9b-68226e4dd929_ezgif.com-gif-maker (16).mp4'),(79,'files/URIImg/045bd4f2-3c6f-4057-8151-ec9cd5ca128b_ezgif-4-fbba4fbf19.gif','files/URIImg/69e1df98-6f31-4c5c-b07b-a8340da59dd2_ezgif.com-gif-maker (22).mp4'),(80,'files/URIImg/1df2c5ac-1b95-468c-b6ac-e43c49219e5a_ezgif-4-0a1cb9827e.gif','files/URIImg/8d40a53d-aa8f-41c5-b1de-446df43d4846_ezgif.com-gif-maker (17).mp4'),(81,'files/URIImg/dbf963f8-eb18-45ac-91f3-1fd521548b9c_ezgif-4-2d7411e422.gif','files/URIImg/26536c80-7fe5-4590-bcbc-7d7f83c87e0a_ezgif.com-gif-maker (18).mp4'),(82,'files/URIImg/f67aaa36-01b2-4507-a45f-d8e251e7e719_ezgif-4-9fae8b23fd.gif','files/URIImg/8d972cca-f5d8-4ed0-a188-17b190ec9fd2_ezgif.com-gif-maker (19).mp4'),(83,'files/URIImg/a1f95d5b-6aa2-4c23-a7f9-7c61415de603_ezgif-4-7866a4f28f.gif','files/URIImg/affb1af9-a1b9-4ade-ac8a-55fc06dd1618_ezgif.com-gif-maker (20).mp4'),(84,'files/URIImg/439af899-ce4e-4c3f-91f7-eeedeaf6d833_ezgif-4-98339d4a49.gif','files/URIImg/c1a13ec9-b5c5-42eb-9e57-23eaceba8195_ezgif.com-gif-maker (21).mp4'),(85,'files/URIImg/8c017bf1-c243-4d82-afc8-a81f014204e9_1.gif','files/URIImg/003f3c6e-dc50-4371-b821-a8f50ef29992_ezgif.com-gif-maker (12).mp4'),(86,'files/URIImg/7a3dfc2e-c843-4b89-a60b-611f18a654da_2.gif','files/URIImg/721e775e-85cf-49ed-a62d-c19628332242_ezgif.com-gif-maker (15).mp4'),(87,'files/URIImg/98fcbeb8-56a8-435d-a603-10dd66ed903d_3.gif','files/URIImg/40fc8fa5-4ced-4b5c-9f2c-ee097e36239a_ezgif.com-gif-maker (13).mp4'),(88,'files/URIImg/def2467e-c7ec-4148-95bf-a9808913e4b6_ezgif-1-c6ff56dfbe.gif','files/URIImg/1fa44d69-5ad4-431c-bed5-86ce9cc079a8_ezgif.com-gif-maker (14).mp4'),(89,'files/URIImg/febb6eb8-6754-4043-92b8-d138939bab44_cew.gif','files/URIImg/6f8881fb-05dd-432b-9dc6-ce61b50169c6_cew.mp4'),(90,'files/URIImg/ecf2811f-1067-437c-bc4b-e086dddc6680_cha.gif','files/URIImg/a10bba44-be48-4123-97d5-2ab18eb91f86_cha.mp4'),(91,'files/URIImg/bc88a8ec-7973-403b-ad69-e4679db1d25e_chch.gif','files/URIImg/48860ebb-ec99-403e-a634-b38667890036_chch.mp4'),(92,'files/URIImg/6014c487-96fd-4c11-9db4-e3a2966bc963_jhope.gif','files/URIImg/801bfe46-7482-4875-bb37-48950d597320_jhope.mp4'),(93,'files/URIImg/d67268f1-5c35-4138-96f3-01baf14900a1_jin.gif','files/URIImg/71f74fb8-b710-4712-be21-36022ac7a691_jin.mp4'),(94,'files/URIImg/9469efd9-1c83-4ecc-bd10-647bdf1b14ba_jk.gif','files/URIImg/954842e4-19b2-49f5-aac1-2cbccf458e62_jk.mp4'),(95,'files/URIImg/f96fc96b-c684-41dd-86a9-7804a724d72a_rm.gif','files/URIImg/16d3bd01-4d9e-4e36-acdb-127e0648be67_rm.mp4'),(96,'files/URIImg/5d8d772c-3b43-4f86-b80e-67af5e59b237_v.gif','files/URIImg/e34e54ce-30d7-41ff-bc60-85427fa0669f_v.mp4'),(97,'files/URIImg/6d7cbf45-fd9f-4c5b-b1e6-6f1dfccd0594_irin.gif','files/URIImg/87d0b947-a3ab-46dd-a881-598595fcf466_irin.mp4'),(98,'files/URIImg/a3c5f3e0-87aa-4ef4-aaa9-1863155ed3ae_joy.gif','files/URIImg/8835342a-cb75-44ab-90b2-70236fa57954_joy.mp4'),(99,'files/URIImg/b4cfa67c-eaa5-493d-af54-911498986eae_sulgi.gif','files/URIImg/088fcfae-e851-428f-8287-bbc583d49226_sulgi.mp4'),(100,'files/URIImg/5e296941-283a-41bd-9d97-a027db7e8afb_wendy.gif','files/URIImg/553dafd5-5bde-4750-bc84-a43c98f503bd_wendy.mp4'),(101,'files/URIImg/10bb2c5b-a614-4f8f-a8d1-caf47653ad4c_yeri.gif','files/URIImg/15eb8654-3789-4184-8a1f-f35912076466_yeri.mp4'),(102,'files/URIImg/a1b8bae0-238e-4a1a-9314-cb87c91d34b1_iu1.gif','files/URIImg/9f9f6729-33d9-417d-97d0-10db1a59c50c_iu1.video.mp4'),(103,'files/URIImg/82afdc67-5c57-4a82-a7e4-c45e9e4ca0e1_iu2.gif','files/URIImg/f8341602-3262-4fde-9593-31fd4f60e08f_iu2.video.mp4'),(104,'files/URIImg/ad916776-101b-49b7-83af-6ed32c61b3f6_iu3.gif','files/URIImg/6d0893d1-1796-4eb9-a808-7d225ee2446e_iu3.video.mp4'),(105,'files/URIImg/146d1683-ac7c-4f34-bf43-801c79639199_iu4.gif','files/URIImg/9e2971f4-820a-4ad1-8e27-dcfe0b10f4fd_iu4.vide.mp4'),(106,'files/URIImg/42b2e4aa-c86b-4e43-8a27-1a31425ce2f1_iu5.gif','files/URIImg/8eb86950-967f-4331-991e-c43646edb2a8_iu5.video.mp4'),(107,'files/URIImg/0789d4ee-fbd2-4a59-979e-85a440a9a8cf_iu6.gif','files/URIImg/bb9ba398-b6e0-4c63-8e1d-ae7c5f6ae529_iu6.video.mp4'),(108,'files/URIImg/10f9e9bf-ee66-4f0e-aee5-c1bf8ef24b98_1.gif','files/URIImg/3453676d-a56a-4f83-8f57-df8a1ceb24f5_1.mp4'),(109,'files/URIImg/a3edbf15-f2ad-4352-8362-313018531dc9_2.gif','files/URIImg/e7604ad3-7348-4244-9aeb-8e22113b6f05_2.mp4'),(110,'files/URIImg/b911fae0-42c9-407e-9fb8-53313b8971c3_3.gif','files/URIImg/9fc0adca-c3de-4e87-bb03-763a4de5ae4d_3.mp4'),(111,'files/URIImg/e6cf8d68-5b14-4bb3-9bc7-2eb4296cee4f_cew.gif','files/URIImg/768d40f6-d4cd-49fe-b5da-8e0f9fc25121_cew.mp4'),(112,'files/URIImg/4720e02b-2ca6-4a1a-b87b-12dc0c30488b_cha.gif','files/URIImg/a3ee7133-ecde-4484-829f-9da90c30e825_cha.mp4'),(113,'files/URIImg/1e0716ce-6361-44eb-a6b3-d1b7f84d024d_chch.gif','files/URIImg/2d5c480d-7382-4ea6-a86f-052f783af6c0_chch.mp4'),(114,'files/URIImg/dea731da-b268-4639-b6a4-9b89c30f68f7_0h2.gif','files/URIImg/1ea00b11-f24b-4216-89f5-278397c3b134_ezgif.com-gif-maker (23).mp4'),(115,'files/URIImg/c87cda5a-57dc-437c-87dd-999a1f127ec2_moon.gif','files/URIImg/9f546ab1-c1c0-4fe1-8bb3-560372af9cea_moon.mp4'),(116,'files/URIImg/ac956dd5-ad14-49bf-87e7-696f831e3f66_oh1.gif','files/URIImg/14d2f5cc-f224-46b3-824a-dad2bc23c613_ezgif.com-gif-maker (24).mp4'),(117,'files/URIImg/1aec54c1-a4d8-4f3d-bdc1-816b304b3fa7_oh3.gif','files/URIImg/0ef91663-1be2-49bd-b1b6-21e43686fcfb_ezgif.com-gif-maker (25).mp4'),(118,'files/URIImg/8544c80d-7c98-4705-9776-4936a8e61fcf_oh4.gif','files/URIImg/0c6b79d2-fce8-4bb4-9cf9-f5735e3a2de1_ezgif.com-gif-maker (26).mp4'),(119,'files/URIImg/6928ca2b-bc46-4134-81ed-a750bdfbd7e0_oh5.gif','files/URIImg/913ee9c4-600b-490d-a353-6af979e723dc_ezgif.com-gif-maker (27).mp4'),(120,'files/URIImg/cb45c911-91bb-4e97-8ad7-59de278c1d61_oh6.gif','files/URIImg/1839c40e-3e0a-4bf3-9081-9d24e81e12e3_ezgif.com-gif-maker (28).mp4'),(121,'files/URIImg/5bbac9ed-7420-4562-9c9e-05fd9299541c_chch.gif','files/URIImg/dbe77401-f906-4d33-ab9d-30e4eef98bb6_chch.mp4'),(122,'files/URIImg/ed75785c-cad3-4aa1-b64c-7ad9a59f7369_cha.gif','files/URIImg/3fc6011a-6eae-4f3e-888b-e1c1d163fead_cha.mp4'),(123,'files/URIImg/31acb068-c43c-4879-9d2c-d7b3d932cf92_irin.gif','files/URIImg/b4dba2ad-98b8-4a0d-8323-fe2602ef8911_irin.mp4'),(124,'files/URIImg/c1ac2340-8c87-4339-a736-4be11e139f0a_joy.gif','files/URIImg/84af3424-56b9-48c9-b8f1-f62dcbbba125_joy.mp4'),(125,'files/URIImg/3730260d-cbf0-495f-876b-33d5bcab1bd9_sulgi.gif','files/URIImg/dcb03d6d-4624-4950-8265-968a619bdbd6_sulgi.mp4'),(126,'files/URIImg/837c7312-3343-40e9-9ac7-5f1bee5ab62f_wendy.gif','files/URIImg/39b80fab-ecec-4ca9-8eae-98c7ff1b1f7f_wendy.mp4'),(127,'files/URIImg/8171dad3-834e-45f3-bca9-63a078e93e20_yeri.gif','files/URIImg/0f0edee9-83e6-42b1-8fd0-a028c8d3033b_yeri.mp4'),(128,'files/URIImg/83881fba-5b84-4513-9c2a-22be010bce48_cew.gif','files/URIImg/c9b3b63c-0e56-42ad-bbfb-5fdb87df5c57_cew.mp4'),(129,'files/URIImg/fb8e7c09-3909-4e69-baa5-4d6555d8149d_cha.gif','files/URIImg/f560841b-573d-4aa1-a123-d8eaa71966f0_cha.mp4'),(130,'files/URIImg/f6761e38-ff7d-4486-9b9e-d1b078a57a74_chch.gif','files/URIImg/954359e5-c794-4c13-b17a-635d760c0f71_chch.mp4'),(131,'files/URIImg/ca7ab006-c9d8-490d-bf65-ed254599255f_moon.gif','files/URIImg/983ab5fb-42b3-4aa7-97b6-d45bc8161f1d_moon.mp4'),(132,'files/URIImg/7f332511-4116-439f-9afd-bfee9c6585f2_sanha.gif','files/URIImg/c9585aec-83e8-4144-a555-a069e121d864_sanha.mp4'),(133,'files/URIImg/e42f77b1-0250-41f5-ba14-7182ed0b22c0_hop.gif','files/URIImg/1a04725f-27ca-4b4f-b35e-2b4f2a27753b_hop.mp4'),(134,'files/URIImg/cf87b113-edd0-418b-ab58-ba1ce275214c_개오지는샷.gif','files/URIImg/069ba5f8-7101-4e14-846b-fc282e8784c0_v.mp4'),(135,'files/URIImg/868403e1-7e96-4ff3-9985-fd59708caf28_jin.gif','files/URIImg/b2fc161e-da79-4bc0-b74d-65f3832c654d_jin.mp4'),(136,'files/URIImg/61ec7bc7-c7e8-44dc-b3f1-34a2c4c4bdd3_jimin2.gif','files/URIImg/e0150713-9eaf-4869-aa01-d6a51fad3c05_jm.mp4'),(137,'files/URIImg/037faccc-ab98-4d8b-a44c-6d40f306146b_rm.gif','files/URIImg/dc808baf-af4f-4829-abbd-d830e852e8de_rm.mp4'),(138,'files/URIImg/b8506bd1-56f4-4b34-8ded-ed5c24e025d8_v2.gif','files/URIImg/e79e83a9-573f-4820-b418-374fd536722c_v.mp4'),(139,'files/URIImg/94046cfa-2b74-48be-ac00-fc339b05e87c_rm.gif','files/URIImg/db14131e-463a-4630-9ac0-58492783471e_rm.mp4'),(140,'files/URIImg/72b6f0f1-601e-44e5-b100-98776cadaebf_jin.gif','files/URIImg/fd1e6405-1729-4826-a0cd-716b9757ef23_jin.mp4'),(141,'files/URIImg/64435490-6446-40a5-bed2-adbecce95ccd_jimin2.gif','files/URIImg/dce127aa-e6b8-47f7-aadc-ebb3eb69a85d_jm.mp4'),(142,'files/URIImg/537bbac7-e444-4d75-a610-46753aec40bb_hop.gif','files/URIImg/61a95b51-18a9-4b2b-8277-675e18b18ad4_hop.mp4'),(143,'files/URIImg/afaabe8e-edbe-4465-8ea6-9e85d5d23042_guk.gif','files/URIImg/47fd62ac-8bf0-49d8-b636-59ba461b2cdb_jk.mp4'),(144,'files/URIImg/86f959d0-e200-49dc-a245-d9668313f7fe_jhope.gif','files/URIImg/2c224071-a201-4678-b926-ef11a0180ada_jhope.mp4'),(145,'files/URIImg/7d9ec02e-d300-4e3c-a95e-10f504ccaddc_jin.gif','files/URIImg/f7c45a9c-1a3f-47f7-8018-46565ab569a9_jin.mp4'),(146,'files/URIImg/025f9910-541f-4f74-a151-125299399173_jk.gif','files/URIImg/00893c01-5865-4836-a78d-548c180bf689_jk.mp4'),(147,'files/URIImg/f0423f34-7e6c-4ba5-9c5d-d4c8401603ff_jm.gif','files/URIImg/929ab8f3-bf69-4812-82e6-347b2851ed8c_jm.mp4'),(148,'files/URIImg/a26d8048-e3b0-4bbd-bfda-6b16f96b0b9e_rm.gif','files/URIImg/967d6eb8-ac8e-4944-9bce-49d70a9ad0b2_rm.mp4'),(149,'files/URIImg/e20b2ba5-89f2-42b6-84b0-4280ef849b93_suga.gif','files/URIImg/71376db3-cc77-404d-a083-47024462eeb9_suga.mp4'),(150,'files/URIImg/5777d80a-d45c-4591-8098-1b5d91eec98c_v.gif','files/URIImg/75c9fa89-4fce-43e1-90e8-3a6ecd452ff6_v.mp4');
/*!40000 ALTER TABLE `files` ENABLE KEYS */;
UNLOCK TABLES;

--
-- Table structure for table `image`
--

DROP TABLE IF EXISTS `image`;
/*!40101 SET @saved_cs_client     = @@character_set_client */;
/*!50503 SET character_set_client = utf8mb4 */;
CREATE TABLE `image` (
  `image_id` bigint NOT NULL AUTO_INCREMENT,
  `concert_description` varchar(255) COLLATE utf8mb4_unicode_ci DEFAULT NULL,
  `concert_poster` varchar(255) COLLATE utf8mb4_unicode_ci DEFAULT NULL,
  `concert_section` varchar(255) COLLATE utf8mb4_unicode_ci DEFAULT NULL,
  `concert_thumbnail` varchar(255) COLLATE utf8mb4_unicode_ci DEFAULT NULL,
  PRIMARY KEY (`image_id`)
) ENGINE=InnoDB AUTO_INCREMENT=81 DEFAULT CHARSET=utf8mb4 COLLATE=utf8mb4_unicode_ci;
/*!40101 SET character_set_client = @saved_cs_client */;

--
-- Dumping data for table `image`
--

LOCK TABLES `image` WRITE;
/*!40000 ALTER TABLE `image` DISABLE KEYS */;
INSERT INTO `image` VALUES (60,'files/0xEc3617273bCaA/astro_detail.jpg','files/0xEc3617273bCaA/astro_poster.JPG','files/0xEc3617273bCaA/astro_seats.JPG','files/0xEc3617273bCaA/astro_thumbnail.gif'),(63,'files/0x1AD28f7FfAeEF/redvelbat_detail.png','files/0x1AD28f7FfAeEF/redvelbat_poster.png','files/0x1AD28f7FfAeEF/redvelbat_section.png','files/0x1AD28f7FfAeEF/redvelbat_thumnail.jpg'),(65,'files/0x9862f7b090A8A/iu.desc3.jpg','files/0x9862f7b090A8A/iu.poster4.jpg','files/0x9862f7b090A8A/iu.section.jpg','files/0x9862f7b090A8A/iu.poster.jpg'),(66,'files/0x0b945765e993f/brave_detail.jpg','files/0x0b945765e993f/brave_poster.png','files/0x0b945765e993f/brave_seats.png','files/0x0b945765e993f/brave_thumnail.gif'),(67,'files/0x438fF9a678A91/oh_description.png','files/0x438fF9a678A91/oh_poster.png','files/0x438fF9a678A91/oh_seats.png','files/0x438fF9a678A91/thumnail.jpg'),(69,'files/0xC38743111fECd/teayeon_description.png','files/0xC38743111fECd/teayeon_poster.png','files/0xC38743111fECd/teayeon_seats.png','files/0xC38743111fECd/taeyeon_thumnail.jpg'),(70,'files/0x226b54D556C7F/screencapture-tickets-interpark-goods-17000791-2022-04-03-20_01_56.png','files/0x226b54D556C7F/화면 캡처 2022-04-03 195957.png','files/0x226b54D556C7F/화면 캡처 2022-04-03 200015.png','files/0x226b54D556C7F/17000791_p.gif'),(71,'files/0x30109BabEa5F0/astro_detail.jpg','files/0x30109BabEa5F0/astro_poster.JPG','files/0x30109BabEa5F0/astro_seats.JPG','files/0x30109BabEa5F0/astro_thumbnail.gif'),(72,'files/0x7F83ACff965f3/high_detail.jpg','files/0x7F83ACff965f3/high_poster.png','files/0x7F83ACff965f3/high_seats.png','files/0x7F83ACff965f3/high_thumnail.gif'),(76,'files/0x05D7D5597999f/redvelbat_detail.png','files/0x05D7D5597999f/redvelbat_poster.png','files/0x05D7D5597999f/redvelbat_section.png','files/0x05D7D5597999f/redvelbat_thumnail.jpg'),(77,'files/0xC4fD1FB3C7FAF/astro_detail.jpg','files/0xC4fD1FB3C7FAF/astro_poster.JPG','files/0xC4fD1FB3C7FAF/astro_seats.JPG','files/0xC4fD1FB3C7FAF/astro_thumbnail.gif'),(79,'files/0xEeB9c715614e3/description2.jpg','files/0xEeB9c715614e3/poster2.jpg','files/0xEeB9c715614e3/area.jpg','files/0xEeB9c715614e3/poster1.jpg'),(80,'files/0x4Ca167F63d9d8/description2.jpg','files/0x4Ca167F63d9d8/poster2.jpeg','files/0x4Ca167F63d9d8/area.jpg','files/0x4Ca167F63d9d8/poster1.jpg');
/*!40000 ALTER TABLE `image` ENABLE KEYS */;
UNLOCK TABLES;

--
-- Table structure for table `seat`
--

DROP TABLE IF EXISTS `seat`;
/*!40101 SET @saved_cs_client     = @@character_set_client */;
/*!50503 SET character_set_client = utf8mb4 */;
CREATE TABLE `seat` (
  `id` bigint NOT NULL AUTO_INCREMENT,
  `date` datetime(6) DEFAULT NULL,
  `name` varchar(255) COLLATE utf8mb4_unicode_ci DEFAULT NULL,
  `status` int DEFAULT '0',
  `section_id` bigint DEFAULT NULL,
  PRIMARY KEY (`id`),
  KEY `FKhxi4f44gv7s6u5a90ehw1g0x3` (`section_id`),
  CONSTRAINT `FKhxi4f44gv7s6u5a90ehw1g0x3` FOREIGN KEY (`section_id`) REFERENCES `section` (`section_id`)
) ENGINE=InnoDB AUTO_INCREMENT=46531 DEFAULT CHARSET=utf8mb4 COLLATE=utf8mb4_unicode_ci;
/*!40101 SET character_set_client = @saved_cs_client */;

--
-- Dumping data for table `seat`
--

LOCK TABLES `seat` WRITE;
/*!40000 ALTER TABLE `seat` DISABLE KEYS */;
INSERT INTO `seat` VALUES (37681,NULL,'3-1',0,1673),(37682,NULL,'3-2',0,1673),(37683,NULL,'3-3',0,1673),(37684,NULL,'3-4',0,1673),(37685,NULL,'3-5',0,1673),(37686,NULL,'3-6',0,1673),(37687,NULL,'3-7',0,1673),(37688,NULL,'3-8',0,1673),(37689,NULL,'3-9',0,1673),(37690,NULL,'3-10',0,1673),(37691,NULL,'3-11',0,1673),(37692,NULL,'3-12',0,1673),(37693,NULL,'3-13',0,1673),(37694,NULL,'3-14',0,1673),(37695,NULL,'3-15',0,1673),(37696,NULL,'3-16',0,1673),(37697,NULL,'3-17',0,1673),(37698,NULL,'3-18',0,1673),(37699,NULL,'3-19',0,1673),(37700,NULL,'3-20',0,1673),(37701,NULL,'4-1',0,1674),(37702,NULL,'4-2',0,1674),(37703,NULL,'4-3',0,1674),(37704,NULL,'4-4',0,1674),(37705,NULL,'4-5',0,1674),(37706,NULL,'4-6',0,1674),(37707,NULL,'4-7',0,1674),(37708,NULL,'4-8',0,1674),(37709,NULL,'4-9',0,1674),(37710,NULL,'4-10',0,1674),(37711,NULL,'4-11',0,1674),(37712,NULL,'4-12',0,1674),(37713,NULL,'4-13',0,1674),(37714,NULL,'4-14',0,1674),(37715,NULL,'4-15',0,1674),(37716,NULL,'4-16',0,1674),(37717,NULL,'4-17',0,1674),(37718,NULL,'4-18',0,1674),(37719,NULL,'4-19',0,1674),(37720,NULL,'4-20',0,1674),(37721,NULL,'5-1',0,1675),(37722,NULL,'5-2',0,1675),(37723,NULL,'5-3',0,1675),(37724,NULL,'5-4',0,1675),(37725,NULL,'5-5',0,1675),(37726,NULL,'5-6',0,1675),(37727,NULL,'5-7',0,1675),(37728,NULL,'5-8',0,1675),(37729,NULL,'5-9',0,1675),(37730,NULL,'5-10',0,1675),(37731,NULL,'5-11',0,1675),(37732,NULL,'5-12',0,1675),(37733,NULL,'5-13',0,1675),(37734,NULL,'5-14',0,1675),(37735,NULL,'5-15',0,1675),(37736,NULL,'5-16',0,1675),(37737,NULL,'5-17',0,1675),(37738,NULL,'5-18',0,1675),(37739,NULL,'5-19',0,1675),(37740,NULL,'5-20',0,1675),(37741,NULL,'6-1',0,1676),(37742,NULL,'6-2',0,1676),(37743,NULL,'6-3',0,1676),(37744,NULL,'6-4',0,1676),(37745,NULL,'6-5',0,1676),(37746,NULL,'6-6',0,1676),(37747,NULL,'6-7',0,1676),(37748,NULL,'6-8',0,1676),(37749,NULL,'6-9',0,1676),(37750,NULL,'6-10',0,1676),(37751,NULL,'6-11',0,1676),(37752,NULL,'6-12',0,1676),(37753,NULL,'6-13',0,1676),(37754,NULL,'6-14',0,1676),(37755,NULL,'6-15',0,1676),(37756,NULL,'6-16',0,1676),(37757,NULL,'6-17',0,1676),(37758,NULL,'6-18',0,1676),(37759,NULL,'6-19',0,1676),(37760,NULL,'6-20',0,1676),(37761,NULL,'7-1',0,1677),(37762,NULL,'7-2',0,1677),(37763,NULL,'7-3',0,1677),(37764,NULL,'7-4',0,1677),(37765,NULL,'7-5',0,1677),(37766,NULL,'7-6',0,1677),(37767,NULL,'7-7',0,1677),(37768,NULL,'7-8',0,1677),(37769,NULL,'7-9',0,1677),(37770,NULL,'7-10',0,1677),(37771,NULL,'7-11',0,1677),(37772,NULL,'7-12',0,1677),(37773,NULL,'7-13',0,1677),(37774,NULL,'7-14',0,1677),(37775,NULL,'7-15',0,1677),(37776,NULL,'7-16',0,1677),(37777,NULL,'7-17',0,1677),(37778,NULL,'7-18',0,1677),(37779,NULL,'7-19',0,1677),(37780,NULL,'7-20',0,1677),(37781,NULL,'8-1',0,1678),(37782,NULL,'8-2',0,1678),(37783,NULL,'8-3',0,1678),(37784,NULL,'8-4',0,1678),(37785,NULL,'8-5',0,1678),(37786,NULL,'8-6',0,1678),(37787,NULL,'8-7',0,1678),(37788,NULL,'8-8',0,1678),(37789,NULL,'8-9',0,1678),(37790,NULL,'8-10',0,1678),(37791,NULL,'8-11',0,1678),(37792,NULL,'8-12',0,1678),(37793,NULL,'8-13',0,1678),(37794,NULL,'8-14',0,1678),(37795,NULL,'8-15',0,1678),(37796,NULL,'8-16',0,1678),(37797,NULL,'8-17',0,1678),(37798,NULL,'8-18',0,1678),(37799,NULL,'8-19',0,1678),(37800,NULL,'8-20',0,1678),(37801,NULL,'9-1',0,1679),(37802,NULL,'9-2',0,1679),(37803,NULL,'9-3',0,1679),(37804,NULL,'9-4',0,1679),(37805,NULL,'9-5',0,1679),(37806,NULL,'9-6',0,1679),(37807,NULL,'9-7',0,1679),(37808,NULL,'9-8',0,1679),(37809,NULL,'9-9',0,1679),(37810,NULL,'9-10',0,1679),(37811,NULL,'9-11',0,1679),(37812,NULL,'9-12',0,1679),(37813,NULL,'9-13',0,1679),(37814,NULL,'9-14',0,1679),(37815,NULL,'9-15',0,1679),(37816,NULL,'9-16',0,1679),(37817,NULL,'9-17',0,1679),(37818,NULL,'9-18',0,1679),(37819,NULL,'9-19',0,1679),(37820,NULL,'9-20',0,1679),(37821,NULL,'10-1',0,1680),(37822,NULL,'10-2',0,1680),(37823,NULL,'10-3',0,1680),(37824,NULL,'10-4',0,1680),(37825,NULL,'10-5',0,1680),(37826,NULL,'10-6',0,1680),(37827,NULL,'10-7',0,1680),(37828,NULL,'10-8',0,1680),(37829,NULL,'10-9',0,1680),(37830,NULL,'10-10',0,1680),(37831,NULL,'10-11',0,1680),(37832,NULL,'10-12',0,1680),(37833,NULL,'10-13',0,1680),(37834,NULL,'10-14',0,1680),(37835,NULL,'10-15',0,1680),(37836,NULL,'10-16',0,1680),(37837,NULL,'10-17',0,1680),(37838,NULL,'10-18',0,1680),(37839,NULL,'10-19',0,1680),(37840,NULL,'10-20',0,1680),(37841,NULL,'11-1',0,1681),(37842,NULL,'11-2',0,1681),(37843,NULL,'11-3',0,1681),(37844,NULL,'11-4',0,1681),(37845,NULL,'11-5',0,1681),(37846,NULL,'11-6',0,1681),(37847,NULL,'11-7',0,1681),(37848,NULL,'11-8',0,1681),(37849,NULL,'11-9',0,1681),(37850,NULL,'11-10',0,1681),(37851,NULL,'11-11',0,1681),(37852,NULL,'11-12',0,1681),(37853,NULL,'11-13',0,1681),(37854,NULL,'11-14',0,1681),(37855,NULL,'11-15',0,1681),(37856,NULL,'11-16',0,1681),(37857,NULL,'11-17',0,1681),(37858,NULL,'11-18',0,1681),(37859,NULL,'11-19',0,1681),(37860,NULL,'11-20',0,1681),(37861,NULL,'12-1',0,1682),(37862,NULL,'12-2',0,1682),(37863,NULL,'12-3',0,1682),(37864,NULL,'12-4',0,1682),(37865,NULL,'12-5',0,1682),(37866,NULL,'12-6',0,1682),(37867,NULL,'12-7',0,1682),(37868,NULL,'12-8',0,1682),(37869,NULL,'12-9',0,1682),(37870,NULL,'12-10',0,1682),(37871,NULL,'12-11',0,1682),(37872,NULL,'12-12',0,1682),(37873,NULL,'12-13',0,1682),(37874,NULL,'12-14',0,1682),(37875,NULL,'12-15',0,1682),(37876,NULL,'12-16',0,1682),(37877,NULL,'12-17',0,1682),(37878,NULL,'12-18',0,1682),(37879,NULL,'12-19',0,1682),(37880,NULL,'12-20',0,1682),(37881,NULL,'13-1',0,1683),(37882,NULL,'13-2',0,1683),(37883,NULL,'13-3',0,1683),(37884,NULL,'13-4',0,1683),(37885,NULL,'13-5',0,1683),(37886,NULL,'13-6',0,1683),(37887,NULL,'13-7',0,1683),(37888,NULL,'13-8',0,1683),(37889,NULL,'13-9',0,1683),(37890,NULL,'13-10',0,1683),(37891,NULL,'13-11',0,1683),(37892,NULL,'13-12',0,1683),(37893,NULL,'13-13',0,1683),(37894,NULL,'13-14',0,1683),(37895,NULL,'13-15',0,1683),(37896,NULL,'13-16',0,1683),(37897,NULL,'13-17',0,1683),(37898,NULL,'13-18',0,1683),(37899,NULL,'13-19',0,1683),(37900,NULL,'13-20',0,1683),(37901,NULL,'14-1',0,1684),(37902,NULL,'14-2',0,1684),(37903,NULL,'14-3',0,1684),(37904,NULL,'14-4',0,1684),(37905,NULL,'14-5',0,1684),(37906,NULL,'14-6',0,1684),(37907,NULL,'14-7',0,1684),(37908,NULL,'14-8',0,1684),(37909,NULL,'14-9',0,1684),(37910,NULL,'14-10',0,1684),(37911,NULL,'14-11',0,1684),(37912,NULL,'14-12',0,1684),(37913,NULL,'14-13',0,1684),(37914,NULL,'14-14',0,1684),(37915,NULL,'14-15',0,1684),(37916,NULL,'14-16',0,1684),(37917,NULL,'14-17',0,1684),(37918,NULL,'14-18',0,1684),(37919,NULL,'14-19',0,1684),(37920,NULL,'14-20',0,1684),(37921,NULL,'A-1',0,1685),(37922,NULL,'A-2',0,1685),(37923,NULL,'A-3',0,1685),(37924,NULL,'A-4',0,1685),(37925,NULL,'A-5',0,1685),(37926,NULL,'A-6',0,1685),(37927,NULL,'A-7',0,1685),(37928,NULL,'A-8',0,1685),(37929,NULL,'A-9',0,1685),(37930,NULL,'A-10',0,1685),(37931,NULL,'A-11',0,1685),(37932,NULL,'A-12',0,1685),(37933,NULL,'A-13',0,1685),(37934,NULL,'A-14',0,1685),(37935,NULL,'A-15',0,1685),(37936,NULL,'A-16',0,1685),(37937,NULL,'A-17',0,1685),(37938,NULL,'A-18',0,1685),(37939,NULL,'A-19',0,1685),(37940,NULL,'A-20',0,1685),(37941,NULL,'A-21',0,1685),(37942,NULL,'A-22',0,1685),(37943,NULL,'A-23',0,1685),(37944,NULL,'A-24',0,1685),(37945,NULL,'A-25',0,1685),(37946,NULL,'A-26',0,1685),(37947,NULL,'A-27',0,1685),(37948,NULL,'A-28',0,1685),(37949,NULL,'A-29',0,1685),(37950,NULL,'A-30',0,1685),(37951,NULL,'B-1',0,1686),(37952,NULL,'B-2',0,1686),(37953,NULL,'B-3',0,1686),(37954,NULL,'B-4',0,1686),(37955,NULL,'B-5',0,1686),(37956,NULL,'B-6',0,1686),(37957,NULL,'B-7',0,1686),(37958,NULL,'B-8',0,1686),(37959,NULL,'B-9',0,1686),(37960,NULL,'B-10',0,1686),(37961,NULL,'B-11',0,1686),(37962,NULL,'B-12',0,1686),(37963,NULL,'B-13',0,1686),(37964,NULL,'B-14',0,1686),(37965,NULL,'B-15',0,1686),(37966,NULL,'B-16',0,1686),(37967,NULL,'B-17',0,1686),(37968,NULL,'B-18',0,1686),(37969,NULL,'B-19',0,1686),(37970,NULL,'B-20',0,1686),(37971,NULL,'B-21',0,1686),(37972,NULL,'B-22',0,1686),(37973,NULL,'B-23',0,1686),(37974,NULL,'B-24',0,1686),(37975,NULL,'B-25',0,1686),(37976,NULL,'B-26',0,1686),(37977,NULL,'B-27',0,1686),(37978,NULL,'B-28',0,1686),(37979,NULL,'B-29',0,1686),(37980,NULL,'B-30',0,1686),(37981,NULL,'C-1',0,1687),(37982,NULL,'C-2',0,1687),(37983,NULL,'C-3',0,1687),(37984,NULL,'C-4',0,1687),(37985,NULL,'C-5',0,1687),(37986,NULL,'C-6',0,1687),(37987,NULL,'C-7',0,1687),(37988,NULL,'C-8',0,1687),(37989,NULL,'C-9',0,1687),(37990,NULL,'C-10',0,1687),(37991,NULL,'C-11',0,1687),(37992,NULL,'C-12',0,1687),(37993,NULL,'C-13',0,1687),(37994,NULL,'C-14',0,1687),(37995,NULL,'C-15',0,1687),(37996,NULL,'C-16',0,1687),(37997,NULL,'C-17',0,1687),(37998,NULL,'C-18',0,1687),(37999,NULL,'C-19',0,1687),(38000,NULL,'C-20',0,1687),(38001,NULL,'C-21',0,1687),(38002,NULL,'C-22',0,1687),(38003,NULL,'C-23',0,1687),(38004,NULL,'C-24',0,1687),(38005,NULL,'C-25',0,1687),(38006,NULL,'C-26',0,1687),(38007,NULL,'C-27',0,1687),(38008,NULL,'C-28',0,1687),(38009,NULL,'C-29',0,1687),(38010,NULL,'C-30',0,1687),(38011,NULL,'D-1',0,1688),(38012,NULL,'D-2',0,1688),(38013,NULL,'D-3',0,1688),(38014,NULL,'D-4',0,1688),(38015,NULL,'D-5',0,1688),(38016,NULL,'D-6',0,1688),(38017,NULL,'D-7',0,1688),(38018,NULL,'D-8',0,1688),(38019,NULL,'D-9',0,1688),(38020,NULL,'D-10',0,1688),(38021,NULL,'D-11',0,1688),(38022,NULL,'D-12',0,1688),(38023,NULL,'D-13',0,1688),(38024,NULL,'D-14',0,1688),(38025,NULL,'D-15',0,1688),(38026,NULL,'D-16',0,1688),(38027,NULL,'D-17',0,1688),(38028,NULL,'D-18',0,1688),(38029,NULL,'D-19',0,1688),(38030,NULL,'D-20',0,1688),(38031,NULL,'D-21',0,1688),(38032,NULL,'D-22',0,1688),(38033,NULL,'D-23',0,1688),(38034,NULL,'D-24',0,1688),(38035,NULL,'D-25',0,1688),(38036,NULL,'D-26',0,1688),(38037,NULL,'D-27',0,1688),(38038,NULL,'D-28',0,1688),(38039,NULL,'D-29',0,1688),(38040,NULL,'D-30',0,1688),(38041,NULL,'E-1',0,1689),(38042,NULL,'E-2',0,1689),(38043,NULL,'E-3',0,1689),(38044,NULL,'E-4',0,1689),(38045,NULL,'E-5',0,1689),(38046,NULL,'E-6',0,1689),(38047,NULL,'E-7',0,1689),(38048,NULL,'E-8',0,1689),(38049,NULL,'E-9',0,1689),(38050,NULL,'E-10',0,1689),(38051,NULL,'E-11',0,1689),(38052,NULL,'E-12',0,1689),(38053,NULL,'E-13',0,1689),(38054,NULL,'E-14',0,1689),(38055,NULL,'E-15',0,1689),(38056,NULL,'E-16',0,1689),(38057,NULL,'E-17',0,1689),(38058,NULL,'E-18',0,1689),(38059,NULL,'E-19',0,1689),(38060,NULL,'E-20',0,1689),(38061,NULL,'E-21',0,1689),(38062,NULL,'E-22',0,1689),(38063,NULL,'E-23',0,1689),(38064,NULL,'E-24',0,1689),(38065,NULL,'E-25',0,1689),(38066,NULL,'E-26',0,1689),(38067,NULL,'E-27',0,1689),(38068,NULL,'E-28',0,1689),(38069,NULL,'E-29',0,1689),(38070,NULL,'E-30',0,1689),(38071,NULL,'3-1',0,1690),(38072,NULL,'3-2',0,1690),(38073,NULL,'3-3',0,1690),(38074,NULL,'3-4',0,1690),(38075,NULL,'3-5',0,1690),(38076,NULL,'3-6',0,1690),(38077,NULL,'3-7',0,1690),(38078,NULL,'3-8',0,1690),(38079,NULL,'3-9',0,1690),(38080,NULL,'3-10',0,1690),(38081,NULL,'3-11',0,1690),(38082,NULL,'3-12',0,1690),(38083,NULL,'3-13',0,1690),(38084,NULL,'3-14',0,1690),(38085,NULL,'3-15',0,1690),(38086,NULL,'3-16',0,1690),(38087,NULL,'3-17',0,1690),(38088,NULL,'3-18',0,1690),(38089,NULL,'3-19',0,1690),(38090,NULL,'3-20',0,1690),(38091,NULL,'4-1',0,1691),(38092,NULL,'4-2',0,1691),(38093,NULL,'4-3',0,1691),(38094,NULL,'4-4',0,1691),(38095,NULL,'4-5',0,1691),(38096,NULL,'4-6',0,1691),(38097,NULL,'4-7',0,1691),(38098,NULL,'4-8',0,1691),(38099,NULL,'4-9',0,1691),(38100,NULL,'4-10',0,1691),(38101,NULL,'4-11',0,1691),(38102,NULL,'4-12',0,1691),(38103,NULL,'4-13',0,1691),(38104,NULL,'4-14',0,1691),(38105,NULL,'4-15',0,1691),(38106,NULL,'4-16',0,1691),(38107,NULL,'4-17',0,1691),(38108,NULL,'4-18',0,1691),(38109,NULL,'4-19',0,1691),(38110,NULL,'4-20',0,1691),(38111,NULL,'5-1',0,1692),(38112,NULL,'5-2',0,1692),(38113,NULL,'5-3',0,1692),(38114,NULL,'5-4',0,1692),(38115,NULL,'5-5',0,1692),(38116,NULL,'5-6',0,1692),(38117,NULL,'5-7',0,1692),(38118,NULL,'5-8',0,1692),(38119,NULL,'5-9',0,1692),(38120,NULL,'5-10',0,1692),(38121,NULL,'5-11',0,1692),(38122,NULL,'5-12',0,1692),(38123,NULL,'5-13',0,1692),(38124,NULL,'5-14',0,1692),(38125,NULL,'5-15',0,1692),(38126,NULL,'5-16',0,1692),(38127,NULL,'5-17',0,1692),(38128,NULL,'5-18',0,1692),(38129,NULL,'5-19',0,1692),(38130,NULL,'5-20',0,1692),(38131,NULL,'6-1',0,1693),(38132,NULL,'6-2',0,1693),(38133,NULL,'6-3',0,1693),(38134,NULL,'6-4',0,1693),(38135,NULL,'6-5',0,1693),(38136,NULL,'6-6',0,1693),(38137,NULL,'6-7',0,1693),(38138,NULL,'6-8',0,1693),(38139,NULL,'6-9',0,1693),(38140,NULL,'6-10',0,1693),(38141,NULL,'6-11',0,1693),(38142,NULL,'6-12',0,1693),(38143,NULL,'6-13',0,1693),(38144,NULL,'6-14',0,1693),(38145,NULL,'6-15',0,1693),(38146,NULL,'6-16',0,1693),(38147,NULL,'6-17',0,1693),(38148,NULL,'6-18',0,1693),(38149,NULL,'6-19',0,1693),(38150,NULL,'6-20',0,1693),(38151,NULL,'7-1',0,1694),(38152,NULL,'7-2',0,1694),(38153,NULL,'7-3',0,1694),(38154,NULL,'7-4',0,1694),(38155,NULL,'7-5',0,1694),(38156,NULL,'7-6',0,1694),(38157,NULL,'7-7',0,1694),(38158,NULL,'7-8',0,1694),(38159,NULL,'7-9',0,1694),(38160,NULL,'7-10',0,1694),(38161,NULL,'7-11',0,1694),(38162,NULL,'7-12',0,1694),(38163,NULL,'7-13',0,1694),(38164,NULL,'7-14',0,1694),(38165,NULL,'7-15',0,1694),(38166,NULL,'7-16',0,1694),(38167,NULL,'7-17',0,1694),(38168,NULL,'7-18',0,1694),(38169,NULL,'7-19',0,1694),(38170,NULL,'7-20',0,1694),(38171,NULL,'8-1',0,1695),(38172,NULL,'8-2',0,1695),(38173,NULL,'8-3',0,1695),(38174,NULL,'8-4',0,1695),(38175,NULL,'8-5',0,1695),(38176,NULL,'8-6',0,1695),(38177,NULL,'8-7',0,1695),(38178,NULL,'8-8',0,1695),(38179,NULL,'8-9',0,1695),(38180,NULL,'8-10',0,1695),(38181,NULL,'8-11',0,1695),(38182,NULL,'8-12',0,1695),(38183,NULL,'8-13',0,1695),(38184,NULL,'8-14',0,1695),(38185,NULL,'8-15',0,1695),(38186,NULL,'8-16',0,1695),(38187,NULL,'8-17',0,1695),(38188,NULL,'8-18',0,1695),(38189,NULL,'8-19',0,1695),(38190,NULL,'8-20',0,1695),(38191,NULL,'9-1',0,1696),(38192,NULL,'9-2',0,1696),(38193,NULL,'9-3',0,1696),(38194,NULL,'9-4',0,1696),(38195,NULL,'9-5',0,1696),(38196,NULL,'9-6',0,1696),(38197,NULL,'9-7',0,1696),(38198,NULL,'9-8',0,1696),(38199,NULL,'9-9',0,1696),(38200,NULL,'9-10',0,1696),(38201,NULL,'9-11',0,1696),(38202,NULL,'9-12',0,1696),(38203,NULL,'9-13',0,1696),(38204,NULL,'9-14',0,1696),(38205,NULL,'9-15',0,1696),(38206,NULL,'9-16',0,1696),(38207,NULL,'9-17',0,1696),(38208,NULL,'9-18',0,1696),(38209,NULL,'9-19',0,1696),(38210,NULL,'9-20',0,1696),(38211,NULL,'10-1',0,1697),(38212,NULL,'10-2',0,1697),(38213,NULL,'10-3',0,1697),(38214,NULL,'10-4',0,1697),(38215,NULL,'10-5',0,1697),(38216,NULL,'10-6',0,1697),(38217,NULL,'10-7',0,1697),(38218,NULL,'10-8',0,1697),(38219,NULL,'10-9',0,1697),(38220,NULL,'10-10',0,1697),(38221,NULL,'10-11',0,1697),(38222,NULL,'10-12',0,1697),(38223,NULL,'10-13',0,1697),(38224,NULL,'10-14',0,1697),(38225,NULL,'10-15',0,1697),(38226,NULL,'10-16',0,1697),(38227,NULL,'10-17',0,1697),(38228,NULL,'10-18',0,1697),(38229,NULL,'10-19',0,1697),(38230,NULL,'10-20',0,1697),(38231,NULL,'11-1',0,1698),(38232,NULL,'11-2',0,1698),(38233,NULL,'11-3',0,1698),(38234,NULL,'11-4',0,1698),(38235,NULL,'11-5',0,1698),(38236,NULL,'11-6',0,1698),(38237,NULL,'11-7',0,1698),(38238,NULL,'11-8',0,1698),(38239,NULL,'11-9',0,1698),(38240,NULL,'11-10',0,1698),(38241,NULL,'11-11',0,1698),(38242,NULL,'11-12',0,1698),(38243,NULL,'11-13',0,1698),(38244,NULL,'11-14',0,1698),(38245,NULL,'11-15',0,1698),(38246,NULL,'11-16',0,1698),(38247,NULL,'11-17',0,1698),(38248,NULL,'11-18',0,1698),(38249,NULL,'11-19',0,1698),(38250,NULL,'11-20',0,1698),(38251,NULL,'12-1',0,1699),(38252,NULL,'12-2',0,1699),(38253,NULL,'12-3',0,1699),(38254,NULL,'12-4',0,1699),(38255,NULL,'12-5',0,1699),(38256,NULL,'12-6',0,1699),(38257,NULL,'12-7',0,1699),(38258,NULL,'12-8',0,1699),(38259,NULL,'12-9',0,1699),(38260,NULL,'12-10',0,1699),(38261,NULL,'12-11',0,1699),(38262,NULL,'12-12',0,1699),(38263,NULL,'12-13',0,1699),(38264,NULL,'12-14',0,1699),(38265,NULL,'12-15',0,1699),(38266,NULL,'12-16',0,1699),(38267,NULL,'12-17',0,1699),(38268,NULL,'12-18',0,1699),(38269,NULL,'12-19',0,1699),(38270,NULL,'12-20',0,1699),(38271,NULL,'13-1',0,1700),(38272,NULL,'13-2',0,1700),(38273,NULL,'13-3',0,1700),(38274,NULL,'13-4',0,1700),(38275,NULL,'13-5',0,1700),(38276,NULL,'13-6',0,1700),(38277,NULL,'13-7',0,1700),(38278,NULL,'13-8',0,1700),(38279,NULL,'13-9',0,1700),(38280,NULL,'13-10',0,1700),(38281,NULL,'13-11',0,1700),(38282,NULL,'13-12',0,1700),(38283,NULL,'13-13',0,1700),(38284,NULL,'13-14',0,1700),(38285,NULL,'13-15',0,1700),(38286,NULL,'13-16',0,1700),(38287,NULL,'13-17',0,1700),(38288,NULL,'13-18',0,1700),(38289,NULL,'13-19',0,1700),(38290,NULL,'13-20',0,1700),(38291,NULL,'14-1',0,1701),(38292,NULL,'14-2',0,1701),(38293,NULL,'14-3',0,1701),(38294,NULL,'14-4',0,1701),(38295,NULL,'14-5',0,1701),(38296,NULL,'14-6',0,1701),(38297,NULL,'14-7',0,1701),(38298,NULL,'14-8',0,1701),(38299,NULL,'14-9',0,1701),(38300,NULL,'14-10',0,1701),(38301,NULL,'14-11',0,1701),(38302,NULL,'14-12',0,1701),(38303,NULL,'14-13',0,1701),(38304,NULL,'14-14',0,1701),(38305,NULL,'14-15',0,1701),(38306,NULL,'14-16',0,1701),(38307,NULL,'14-17',0,1701),(38308,NULL,'14-18',0,1701),(38309,NULL,'14-19',0,1701),(38310,NULL,'14-20',0,1701),(38311,NULL,'A-1',0,1702),(38312,NULL,'A-2',0,1702),(38313,NULL,'A-3',0,1702),(38314,NULL,'A-4',0,1702),(38315,NULL,'A-5',0,1702),(38316,NULL,'A-6',0,1702),(38317,NULL,'A-7',0,1702),(38318,NULL,'A-8',0,1702),(38319,NULL,'A-9',0,1702),(38320,NULL,'A-10',0,1702),(38321,NULL,'A-11',0,1702),(38322,NULL,'A-12',0,1702),(38323,NULL,'A-13',0,1702),(38324,NULL,'A-14',0,1702),(38325,NULL,'A-15',0,1702),(38326,NULL,'A-16',0,1702),(38327,NULL,'A-17',0,1702),(38328,NULL,'A-18',0,1702),(38329,NULL,'A-19',0,1702),(38330,NULL,'A-20',0,1702),(38331,NULL,'A-21',0,1702),(38332,NULL,'A-22',0,1702),(38333,NULL,'A-23',0,1702),(38334,NULL,'A-24',0,1702),(38335,NULL,'A-25',0,1702),(38336,NULL,'A-26',0,1702),(38337,NULL,'A-27',0,1702),(38338,NULL,'A-28',0,1702),(38339,NULL,'A-29',0,1702),(38340,NULL,'A-30',0,1702),(38341,NULL,'B-1',0,1703),(38342,NULL,'B-2',0,1703),(38343,NULL,'B-3',0,1703),(38344,NULL,'B-4',0,1703),(38345,NULL,'B-5',0,1703),(38346,NULL,'B-6',0,1703),(38347,NULL,'B-7',0,1703),(38348,NULL,'B-8',0,1703),(38349,NULL,'B-9',0,1703),(38350,NULL,'B-10',0,1703),(38351,NULL,'B-11',0,1703),(38352,NULL,'B-12',0,1703),(38353,NULL,'B-13',0,1703),(38354,NULL,'B-14',0,1703),(38355,NULL,'B-15',0,1703),(38356,NULL,'B-16',0,1703),(38357,NULL,'B-17',0,1703),(38358,NULL,'B-18',0,1703),(38359,NULL,'B-19',0,1703),(38360,NULL,'B-20',0,1703),(38361,NULL,'B-21',0,1703),(38362,NULL,'B-22',0,1703),(38363,NULL,'B-23',0,1703),(38364,NULL,'B-24',0,1703),(38365,NULL,'B-25',0,1703),(38366,NULL,'B-26',0,1703),(38367,NULL,'B-27',0,1703),(38368,NULL,'B-28',0,1703),(38369,NULL,'B-29',0,1703),(38370,NULL,'B-30',0,1703),(38371,NULL,'C-1',0,1704),(38372,NULL,'C-2',0,1704),(38373,NULL,'C-3',0,1704),(38374,NULL,'C-4',0,1704),(38375,NULL,'C-5',0,1704),(38376,NULL,'C-6',0,1704),(38377,NULL,'C-7',0,1704),(38378,NULL,'C-8',0,1704),(38379,NULL,'C-9',0,1704),(38380,NULL,'C-10',0,1704),(38381,NULL,'C-11',0,1704),(38382,NULL,'C-12',0,1704),(38383,NULL,'C-13',0,1704),(38384,NULL,'C-14',0,1704),(38385,NULL,'C-15',0,1704),(38386,NULL,'C-16',0,1704),(38387,NULL,'C-17',0,1704),(38388,NULL,'C-18',0,1704),(38389,NULL,'C-19',0,1704),(38390,NULL,'C-20',0,1704),(38391,NULL,'C-21',0,1704),(38392,NULL,'C-22',0,1704),(38393,NULL,'C-23',0,1704),(38394,NULL,'C-24',0,1704),(38395,NULL,'C-25',0,1704),(38396,NULL,'C-26',0,1704),(38397,NULL,'C-27',0,1704),(38398,NULL,'C-28',0,1704),(38399,NULL,'C-29',0,1704),(38400,NULL,'C-30',0,1704),(38401,NULL,'D-1',0,1705),(38402,NULL,'D-2',0,1705),(38403,NULL,'D-3',0,1705),(38404,NULL,'D-4',0,1705),(38405,NULL,'D-5',0,1705),(38406,NULL,'D-6',0,1705),(38407,NULL,'D-7',0,1705),(38408,NULL,'D-8',0,1705),(38409,NULL,'D-9',0,1705),(38410,NULL,'D-10',0,1705),(38411,NULL,'D-11',0,1705),(38412,NULL,'D-12',0,1705),(38413,NULL,'D-13',0,1705),(38414,NULL,'D-14',0,1705),(38415,NULL,'D-15',0,1705),(38416,NULL,'D-16',0,1705),(38417,NULL,'D-17',0,1705),(38418,NULL,'D-18',0,1705),(38419,NULL,'D-19',0,1705),(38420,NULL,'D-20',0,1705),(38421,NULL,'D-21',0,1705),(38422,NULL,'D-22',0,1705),(38423,NULL,'D-23',0,1705),(38424,NULL,'D-24',0,1705),(38425,NULL,'D-25',0,1705),(38426,NULL,'D-26',0,1705),(38427,NULL,'D-27',0,1705),(38428,NULL,'D-28',0,1705),(38429,NULL,'D-29',0,1705),(38430,NULL,'D-30',0,1705),(38431,NULL,'E-1',0,1706),(38432,NULL,'E-2',0,1706),(38433,NULL,'E-3',0,1706),(38434,NULL,'E-4',0,1706),(38435,NULL,'E-5',0,1706),(38436,NULL,'E-6',0,1706),(38437,NULL,'E-7',0,1706),(38438,NULL,'E-8',0,1706),(38439,NULL,'E-9',0,1706),(38440,NULL,'E-10',0,1706),(38441,NULL,'E-11',0,1706),(38442,NULL,'E-12',0,1706),(38443,NULL,'E-13',0,1706),(38444,NULL,'E-14',0,1706),(38445,NULL,'E-15',0,1706),(38446,NULL,'E-16',0,1706),(38447,NULL,'E-17',0,1706),(38448,NULL,'E-18',0,1706),(38449,NULL,'E-19',0,1706),(38450,NULL,'E-20',0,1706),(38451,NULL,'E-21',0,1706),(38452,NULL,'E-22',0,1706),(38453,NULL,'E-23',0,1706),(38454,NULL,'E-24',0,1706),(38455,NULL,'E-25',0,1706),(38456,NULL,'E-26',0,1706),(38457,NULL,'E-27',0,1706),(38458,NULL,'E-28',0,1706),(38459,NULL,'E-29',0,1706),(38460,NULL,'E-30',0,1706),(38461,NULL,'3-1',0,1707),(38462,NULL,'3-2',0,1707),(38463,NULL,'3-3',0,1707),(38464,NULL,'3-4',0,1707),(38465,NULL,'3-5',0,1707),(38466,NULL,'3-6',0,1707),(38467,NULL,'3-7',0,1707),(38468,NULL,'3-8',0,1707),(38469,NULL,'3-9',0,1707),(38470,NULL,'3-10',0,1707),(38471,NULL,'3-11',0,1707),(38472,NULL,'3-12',0,1707),(38473,NULL,'3-13',0,1707),(38474,NULL,'3-14',0,1707),(38475,NULL,'3-15',0,1707),(38476,NULL,'3-16',0,1707),(38477,NULL,'3-17',0,1707),(38478,NULL,'3-18',0,1707),(38479,NULL,'3-19',0,1707),(38480,NULL,'3-20',0,1707),(38481,NULL,'4-1',0,1708),(38482,NULL,'4-2',0,1708),(38483,NULL,'4-3',0,1708),(38484,NULL,'4-4',0,1708),(38485,NULL,'4-5',0,1708),(38486,NULL,'4-6',0,1708),(38487,NULL,'4-7',0,1708),(38488,NULL,'4-8',0,1708),(38489,NULL,'4-9',0,1708),(38490,NULL,'4-10',0,1708),(38491,NULL,'4-11',0,1708),(38492,NULL,'4-12',0,1708),(38493,NULL,'4-13',0,1708),(38494,NULL,'4-14',0,1708),(38495,NULL,'4-15',0,1708),(38496,NULL,'4-16',0,1708),(38497,NULL,'4-17',0,1708),(38498,NULL,'4-18',0,1708),(38499,NULL,'4-19',0,1708),(38500,NULL,'4-20',0,1708),(38501,NULL,'5-1',0,1709),(38502,NULL,'5-2',0,1709),(38503,NULL,'5-3',0,1709),(38504,NULL,'5-4',0,1709),(38505,NULL,'5-5',0,1709),(38506,NULL,'5-6',0,1709),(38507,NULL,'5-7',0,1709),(38508,NULL,'5-8',0,1709),(38509,NULL,'5-9',0,1709),(38510,NULL,'5-10',0,1709),(38511,NULL,'5-11',0,1709),(38512,NULL,'5-12',0,1709),(38513,NULL,'5-13',0,1709),(38514,NULL,'5-14',0,1709),(38515,NULL,'5-15',0,1709),(38516,NULL,'5-16',0,1709),(38517,NULL,'5-17',0,1709),(38518,NULL,'5-18',0,1709),(38519,NULL,'5-19',0,1709),(38520,NULL,'5-20',0,1709),(38521,NULL,'6-1',0,1710),(38522,NULL,'6-2',0,1710),(38523,NULL,'6-3',0,1710),(38524,NULL,'6-4',0,1710),(38525,NULL,'6-5',0,1710),(38526,NULL,'6-6',0,1710),(38527,NULL,'6-7',0,1710),(38528,NULL,'6-8',0,1710),(38529,NULL,'6-9',0,1710),(38530,NULL,'6-10',0,1710),(38531,NULL,'6-11',0,1710),(38532,NULL,'6-12',0,1710),(38533,NULL,'6-13',0,1710),(38534,NULL,'6-14',0,1710),(38535,NULL,'6-15',0,1710),(38536,NULL,'6-16',0,1710),(38537,NULL,'6-17',0,1710),(38538,NULL,'6-18',0,1710),(38539,NULL,'6-19',0,1710),(38540,NULL,'6-20',0,1710),(38541,NULL,'7-1',0,1711),(38542,NULL,'7-2',0,1711),(38543,NULL,'7-3',0,1711),(38544,NULL,'7-4',0,1711),(38545,NULL,'7-5',0,1711),(38546,NULL,'7-6',0,1711),(38547,NULL,'7-7',0,1711),(38548,NULL,'7-8',0,1711),(38549,NULL,'7-9',0,1711),(38550,NULL,'7-10',0,1711),(38551,NULL,'7-11',0,1711),(38552,NULL,'7-12',0,1711),(38553,NULL,'7-13',0,1711),(38554,NULL,'7-14',0,1711),(38555,NULL,'7-15',0,1711),(38556,NULL,'7-16',0,1711),(38557,NULL,'7-17',0,1711),(38558,NULL,'7-18',0,1711),(38559,NULL,'7-19',0,1711),(38560,NULL,'7-20',0,1711),(38561,NULL,'8-1',0,1712),(38562,NULL,'8-2',0,1712),(38563,NULL,'8-3',0,1712),(38564,NULL,'8-4',0,1712),(38565,NULL,'8-5',0,1712),(38566,NULL,'8-6',0,1712),(38567,NULL,'8-7',0,1712),(38568,NULL,'8-8',0,1712),(38569,NULL,'8-9',0,1712),(38570,NULL,'8-10',0,1712),(38571,NULL,'8-11',0,1712),(38572,NULL,'8-12',0,1712),(38573,NULL,'8-13',0,1712),(38574,NULL,'8-14',0,1712),(38575,NULL,'8-15',0,1712),(38576,NULL,'8-16',0,1712),(38577,NULL,'8-17',0,1712),(38578,NULL,'8-18',0,1712),(38579,NULL,'8-19',0,1712),(38580,NULL,'8-20',0,1712),(38581,NULL,'9-1',0,1713),(38582,NULL,'9-2',0,1713),(38583,NULL,'9-3',0,1713),(38584,NULL,'9-4',0,1713),(38585,NULL,'9-5',0,1713),(38586,NULL,'9-6',0,1713),(38587,NULL,'9-7',0,1713),(38588,NULL,'9-8',0,1713),(38589,NULL,'9-9',0,1713),(38590,NULL,'9-10',0,1713),(38591,NULL,'9-11',0,1713),(38592,NULL,'9-12',0,1713),(38593,NULL,'9-13',0,1713),(38594,NULL,'9-14',0,1713),(38595,NULL,'9-15',0,1713),(38596,NULL,'9-16',0,1713),(38597,NULL,'9-17',0,1713),(38598,NULL,'9-18',0,1713),(38599,NULL,'9-19',0,1713),(38600,NULL,'9-20',0,1713),(38601,NULL,'10-1',0,1714),(38602,NULL,'10-2',0,1714),(38603,NULL,'10-3',0,1714),(38604,NULL,'10-4',0,1714),(38605,NULL,'10-5',0,1714),(38606,NULL,'10-6',0,1714),(38607,NULL,'10-7',0,1714),(38608,NULL,'10-8',0,1714),(38609,NULL,'10-9',0,1714),(38610,NULL,'10-10',0,1714),(38611,NULL,'10-11',0,1714),(38612,NULL,'10-12',0,1714),(38613,NULL,'10-13',0,1714),(38614,NULL,'10-14',0,1714),(38615,NULL,'10-15',0,1714),(38616,NULL,'10-16',0,1714),(38617,NULL,'10-17',0,1714),(38618,NULL,'10-18',0,1714),(38619,NULL,'10-19',0,1714),(38620,NULL,'10-20',0,1714),(38621,NULL,'11-1',0,1715),(38622,NULL,'11-2',0,1715),(38623,NULL,'11-3',0,1715),(38624,NULL,'11-4',0,1715),(38625,NULL,'11-5',0,1715),(38626,NULL,'11-6',0,1715),(38627,NULL,'11-7',0,1715),(38628,NULL,'11-8',0,1715),(38629,NULL,'11-9',0,1715),(38630,NULL,'11-10',0,1715),(38631,NULL,'11-11',0,1715),(38632,NULL,'11-12',0,1715),(38633,NULL,'11-13',0,1715),(38634,NULL,'11-14',0,1715),(38635,NULL,'11-15',0,1715),(38636,NULL,'11-16',0,1715),(38637,NULL,'11-17',0,1715),(38638,NULL,'11-18',0,1715),(38639,NULL,'11-19',0,1715),(38640,NULL,'11-20',0,1715),(38641,NULL,'12-1',0,1716),(38642,NULL,'12-2',0,1716),(38643,NULL,'12-3',0,1716),(38644,NULL,'12-4',0,1716),(38645,NULL,'12-5',0,1716),(38646,NULL,'12-6',0,1716),(38647,NULL,'12-7',0,1716),(38648,NULL,'12-8',0,1716),(38649,NULL,'12-9',0,1716),(38650,NULL,'12-10',0,1716),(38651,NULL,'12-11',0,1716),(38652,NULL,'12-12',0,1716),(38653,NULL,'12-13',0,1716),(38654,NULL,'12-14',0,1716),(38655,NULL,'12-15',0,1716),(38656,NULL,'12-16',0,1716),(38657,NULL,'12-17',0,1716),(38658,NULL,'12-18',0,1716),(38659,NULL,'12-19',0,1716),(38660,NULL,'12-20',0,1716),(38661,NULL,'13-1',0,1717),(38662,NULL,'13-2',0,1717),(38663,NULL,'13-3',0,1717),(38664,NULL,'13-4',0,1717),(38665,NULL,'13-5',0,1717),(38666,NULL,'13-6',0,1717),(38667,NULL,'13-7',0,1717),(38668,NULL,'13-8',0,1717),(38669,NULL,'13-9',0,1717),(38670,NULL,'13-10',0,1717),(38671,NULL,'13-11',0,1717),(38672,NULL,'13-12',0,1717),(38673,NULL,'13-13',0,1717),(38674,NULL,'13-14',0,1717),(38675,NULL,'13-15',0,1717),(38676,NULL,'13-16',0,1717),(38677,NULL,'13-17',0,1717),(38678,NULL,'13-18',0,1717),(38679,NULL,'13-19',0,1717),(38680,NULL,'13-20',0,1717),(38681,NULL,'14-1',0,1718),(38682,NULL,'14-2',0,1718),(38683,NULL,'14-3',0,1718),(38684,NULL,'14-4',0,1718),(38685,NULL,'14-5',0,1718),(38686,NULL,'14-6',0,1718),(38687,NULL,'14-7',0,1718),(38688,NULL,'14-8',0,1718),(38689,NULL,'14-9',0,1718),(38690,NULL,'14-10',0,1718),(38691,NULL,'14-11',0,1718),(38692,NULL,'14-12',0,1718),(38693,NULL,'14-13',0,1718),(38694,NULL,'14-14',0,1718),(38695,NULL,'14-15',0,1718),(38696,NULL,'14-16',0,1718),(38697,NULL,'14-17',0,1718),(38698,NULL,'14-18',0,1718),(38699,NULL,'14-19',0,1718),(38700,NULL,'14-20',0,1718),(38701,NULL,'A-1',0,1719),(38702,NULL,'A-2',0,1719),(38703,NULL,'A-3',0,1719),(38704,NULL,'A-4',0,1719),(38705,NULL,'A-5',0,1719),(38706,NULL,'A-6',0,1719),(38707,NULL,'A-7',0,1719),(38708,NULL,'A-8',0,1719),(38709,NULL,'A-9',0,1719),(38710,NULL,'A-10',0,1719),(38711,NULL,'A-11',0,1719),(38712,NULL,'A-12',0,1719),(38713,NULL,'A-13',0,1719),(38714,NULL,'A-14',0,1719),(38715,NULL,'A-15',0,1719),(38716,NULL,'A-16',0,1719),(38717,NULL,'A-17',0,1719),(38718,NULL,'A-18',0,1719),(38719,NULL,'A-19',0,1719),(38720,NULL,'A-20',0,1719),(38721,NULL,'A-21',0,1719),(38722,NULL,'A-22',0,1719),(38723,NULL,'A-23',0,1719),(38724,NULL,'A-24',0,1719),(38725,NULL,'A-25',0,1719),(38726,NULL,'A-26',0,1719),(38727,NULL,'A-27',0,1719),(38728,NULL,'A-28',0,1719),(38729,NULL,'A-29',0,1719),(38730,NULL,'A-30',0,1719),(38731,NULL,'B-1',0,1720),(38732,NULL,'B-2',0,1720),(38733,NULL,'B-3',0,1720),(38734,NULL,'B-4',0,1720),(38735,NULL,'B-5',0,1720),(38736,NULL,'B-6',0,1720),(38737,NULL,'B-7',0,1720),(38738,NULL,'B-8',0,1720),(38739,NULL,'B-9',0,1720),(38740,NULL,'B-10',0,1720),(38741,NULL,'B-11',0,1720),(38742,NULL,'B-12',0,1720),(38743,NULL,'B-13',0,1720),(38744,NULL,'B-14',0,1720),(38745,NULL,'B-15',0,1720),(38746,NULL,'B-16',0,1720),(38747,NULL,'B-17',0,1720),(38748,NULL,'B-18',0,1720),(38749,NULL,'B-19',0,1720),(38750,NULL,'B-20',0,1720),(38751,NULL,'B-21',0,1720),(38752,NULL,'B-22',0,1720),(38753,NULL,'B-23',0,1720),(38754,NULL,'B-24',0,1720),(38755,NULL,'B-25',0,1720),(38756,NULL,'B-26',0,1720),(38757,NULL,'B-27',0,1720),(38758,NULL,'B-28',0,1720),(38759,NULL,'B-29',0,1720),(38760,NULL,'B-30',0,1720),(38761,NULL,'C-1',0,1721),(38762,NULL,'C-2',0,1721),(38763,NULL,'C-3',0,1721),(38764,NULL,'C-4',0,1721),(38765,NULL,'C-5',0,1721),(38766,NULL,'C-6',0,1721),(38767,NULL,'C-7',0,1721),(38768,NULL,'C-8',0,1721),(38769,NULL,'C-9',0,1721),(38770,NULL,'C-10',0,1721),(38771,NULL,'C-11',0,1721),(38772,NULL,'C-12',0,1721),(38773,NULL,'C-13',0,1721),(38774,NULL,'C-14',0,1721),(38775,NULL,'C-15',0,1721),(38776,NULL,'C-16',0,1721),(38777,NULL,'C-17',0,1721),(38778,NULL,'C-18',0,1721),(38779,NULL,'C-19',0,1721),(38780,NULL,'C-20',0,1721),(38781,NULL,'C-21',0,1721),(38782,NULL,'C-22',0,1721),(38783,NULL,'C-23',0,1721),(38784,NULL,'C-24',0,1721),(38785,NULL,'C-25',0,1721),(38786,NULL,'C-26',0,1721),(38787,NULL,'C-27',0,1721),(38788,NULL,'C-28',0,1721),(38789,NULL,'C-29',0,1721),(38790,NULL,'C-30',0,1721),(38791,NULL,'D-1',0,1722),(38792,NULL,'D-2',0,1722),(38793,NULL,'D-3',0,1722),(38794,NULL,'D-4',0,1722),(38795,NULL,'D-5',0,1722),(38796,NULL,'D-6',0,1722),(38797,NULL,'D-7',0,1722),(38798,NULL,'D-8',0,1722),(38799,NULL,'D-9',0,1722),(38800,NULL,'D-10',0,1722),(38801,NULL,'D-11',0,1722),(38802,NULL,'D-12',0,1722),(38803,NULL,'D-13',0,1722),(38804,NULL,'D-14',0,1722),(38805,NULL,'D-15',0,1722),(38806,NULL,'D-16',0,1722),(38807,NULL,'D-17',0,1722),(38808,NULL,'D-18',0,1722),(38809,NULL,'D-19',0,1722),(38810,NULL,'D-20',0,1722),(38811,NULL,'D-21',0,1722),(38812,NULL,'D-22',0,1722),(38813,NULL,'D-23',0,1722),(38814,NULL,'D-24',0,1722),(38815,NULL,'D-25',0,1722),(38816,NULL,'D-26',0,1722),(38817,NULL,'D-27',0,1722),(38818,NULL,'D-28',0,1722),(38819,NULL,'D-29',0,1722),(38820,NULL,'D-30',0,1722),(38821,NULL,'E-1',0,1723),(38822,NULL,'E-2',0,1723),(38823,NULL,'E-3',0,1723),(38824,NULL,'E-4',0,1723),(38825,NULL,'E-5',0,1723),(38826,NULL,'E-6',0,1723),(38827,NULL,'E-7',0,1723),(38828,NULL,'E-8',0,1723),(38829,NULL,'E-9',0,1723),(38830,NULL,'E-10',0,1723),(38831,NULL,'E-11',0,1723),(38832,NULL,'E-12',0,1723),(38833,NULL,'E-13',0,1723),(38834,NULL,'E-14',0,1723),(38835,NULL,'E-15',0,1723),(38836,NULL,'E-16',0,1723),(38837,NULL,'E-17',0,1723),(38838,NULL,'E-18',0,1723),(38839,NULL,'E-19',0,1723),(38840,NULL,'E-20',0,1723),(38841,NULL,'E-21',0,1723),(38842,NULL,'E-22',0,1723),(38843,NULL,'E-23',0,1723),(38844,NULL,'E-24',0,1723),(38845,NULL,'E-25',0,1723),(38846,NULL,'E-26',0,1723),(38847,NULL,'E-27',0,1723),(38848,NULL,'E-28',0,1723),(38849,NULL,'E-29',0,1723),(38850,NULL,'E-30',0,1723),(40021,NULL,'1-1',0,1775),(40022,NULL,'1-2',0,1775),(40023,NULL,'1-3',0,1775),(40024,NULL,'1-4',0,1775),(40025,NULL,'1-5',0,1775),(40026,NULL,'1-6',0,1775),(40027,NULL,'1-7',0,1775),(40028,NULL,'1-8',0,1775),(40029,NULL,'1-9',0,1775),(40030,NULL,'1-10',0,1775),(40031,NULL,'1-11',0,1775),(40032,NULL,'1-12',0,1775),(40033,NULL,'1-13',0,1775),(40034,NULL,'1-14',0,1775),(40035,NULL,'1-15',0,1775),(40036,NULL,'1-16',0,1775),(40037,NULL,'1-17',0,1775),(40038,NULL,'1-18',0,1775),(40039,NULL,'1-19',0,1775),(40040,NULL,'1-20',0,1775),(40041,NULL,'1-21',0,1775),(40042,NULL,'1-22',0,1775),(40043,NULL,'1-23',0,1775),(40044,NULL,'1-24',0,1775),(40045,NULL,'1-25',0,1775),(40046,NULL,'1-26',0,1775),(40047,NULL,'1-27',0,1775),(40048,NULL,'1-28',0,1775),(40049,NULL,'1-29',0,1775),(40050,NULL,'1-30',0,1775),(40051,NULL,'2-1',0,1776),(40052,NULL,'2-2',0,1776),(40053,NULL,'2-3',0,1776),(40054,NULL,'2-4',0,1776),(40055,NULL,'2-5',0,1776),(40056,NULL,'2-6',0,1776),(40057,NULL,'2-7',0,1776),(40058,NULL,'2-8',0,1776),(40059,NULL,'2-9',0,1776),(40060,NULL,'2-10',0,1776),(40061,NULL,'2-11',0,1776),(40062,NULL,'2-12',0,1776),(40063,NULL,'2-13',0,1776),(40064,NULL,'2-14',0,1776),(40065,NULL,'2-15',0,1776),(40066,NULL,'2-16',0,1776),(40067,NULL,'2-17',0,1776),(40068,NULL,'2-18',0,1776),(40069,NULL,'2-19',0,1776),(40070,NULL,'2-20',0,1776),(40071,NULL,'2-21',0,1776),(40072,NULL,'2-22',0,1776),(40073,NULL,'2-23',0,1776),(40074,NULL,'2-24',0,1776),(40075,NULL,'2-25',0,1776),(40076,NULL,'2-26',0,1776),(40077,NULL,'2-27',0,1776),(40078,NULL,'2-28',0,1776),(40079,NULL,'2-29',0,1776),(40080,NULL,'2-30',0,1776),(40081,NULL,'3-1',0,1777),(40082,NULL,'3-2',0,1777),(40083,NULL,'3-3',0,1777),(40084,NULL,'3-4',0,1777),(40085,NULL,'3-5',0,1777),(40086,NULL,'3-6',0,1777),(40087,NULL,'3-7',0,1777),(40088,NULL,'3-8',0,1777),(40089,NULL,'3-9',0,1777),(40090,NULL,'3-10',0,1777),(40091,NULL,'3-11',0,1777),(40092,NULL,'3-12',0,1777),(40093,NULL,'3-13',0,1777),(40094,NULL,'3-14',0,1777),(40095,NULL,'3-15',0,1777),(40096,NULL,'3-16',0,1777),(40097,NULL,'3-17',0,1777),(40098,NULL,'3-18',0,1777),(40099,NULL,'3-19',0,1777),(40100,NULL,'3-20',0,1777),(40101,NULL,'3-21',0,1777),(40102,NULL,'3-22',0,1777),(40103,NULL,'3-23',0,1777),(40104,NULL,'3-24',0,1777),(40105,NULL,'3-25',0,1777),(40106,NULL,'3-26',0,1777),(40107,NULL,'3-27',0,1777),(40108,NULL,'3-28',0,1777),(40109,NULL,'3-29',0,1777),(40110,NULL,'3-30',0,1777),(40111,NULL,'4-1',0,1778),(40112,NULL,'4-2',0,1778),(40113,NULL,'4-3',0,1778),(40114,NULL,'4-4',0,1778),(40115,NULL,'4-5',0,1778),(40116,NULL,'4-6',0,1778),(40117,NULL,'4-7',0,1778),(40118,NULL,'4-8',0,1778),(40119,NULL,'4-9',0,1778),(40120,NULL,'4-10',0,1778),(40121,NULL,'4-11',0,1778),(40122,NULL,'4-12',0,1778),(40123,NULL,'4-13',0,1778),(40124,NULL,'4-14',0,1778),(40125,NULL,'4-15',0,1778),(40126,NULL,'4-16',0,1778),(40127,NULL,'4-17',0,1778),(40128,NULL,'4-18',0,1778),(40129,NULL,'4-19',0,1778),(40130,NULL,'4-20',0,1778),(40131,NULL,'4-21',0,1778),(40132,NULL,'4-22',0,1778),(40133,NULL,'4-23',0,1778),(40134,NULL,'4-24',0,1778),(40135,NULL,'4-25',0,1778),(40136,NULL,'4-26',0,1778),(40137,NULL,'4-27',0,1778),(40138,NULL,'4-28',0,1778),(40139,NULL,'4-29',0,1778),(40140,NULL,'4-30',0,1778),(40141,NULL,'5-1',0,1779),(40142,NULL,'5-2',0,1779),(40143,NULL,'5-3',0,1779),(40144,NULL,'5-4',0,1779),(40145,NULL,'5-5',0,1779),(40146,NULL,'5-6',0,1779),(40147,NULL,'5-7',0,1779),(40148,NULL,'5-8',0,1779),(40149,NULL,'5-9',0,1779),(40150,NULL,'5-10',0,1779),(40151,NULL,'5-11',0,1779),(40152,NULL,'5-12',0,1779),(40153,NULL,'5-13',0,1779),(40154,NULL,'5-14',0,1779),(40155,NULL,'5-15',0,1779),(40156,NULL,'5-16',0,1779),(40157,NULL,'5-17',0,1779),(40158,NULL,'5-18',0,1779),(40159,NULL,'5-19',0,1779),(40160,NULL,'5-20',0,1779),(40161,NULL,'5-21',0,1779),(40162,NULL,'5-22',0,1779),(40163,NULL,'5-23',0,1779),(40164,NULL,'5-24',0,1779),(40165,NULL,'5-25',0,1779),(40166,NULL,'5-26',0,1779),(40167,NULL,'5-27',0,1779),(40168,NULL,'5-28',0,1779),(40169,NULL,'5-29',0,1779),(40170,NULL,'5-30',0,1779),(40171,NULL,'6-1',0,1780),(40172,NULL,'6-2',0,1780),(40173,NULL,'6-3',0,1780),(40174,NULL,'6-4',0,1780),(40175,NULL,'6-5',0,1780),(40176,NULL,'6-6',0,1780),(40177,NULL,'6-7',0,1780),(40178,NULL,'6-8',0,1780),(40179,NULL,'6-9',0,1780),(40180,NULL,'6-10',0,1780),(40181,NULL,'6-11',0,1780),(40182,NULL,'6-12',0,1780),(40183,NULL,'6-13',0,1780),(40184,NULL,'6-14',0,1780),(40185,NULL,'6-15',0,1780),(40186,NULL,'6-16',0,1780),(40187,NULL,'6-17',0,1780),(40188,NULL,'6-18',0,1780),(40189,NULL,'6-19',0,1780),(40190,NULL,'6-20',0,1780),(40191,NULL,'6-21',0,1780),(40192,NULL,'6-22',0,1780),(40193,NULL,'6-23',0,1780),(40194,NULL,'6-24',0,1780),(40195,NULL,'6-25',0,1780),(40196,NULL,'6-26',0,1780),(40197,NULL,'6-27',0,1780),(40198,NULL,'6-28',0,1780),(40199,NULL,'6-29',0,1780),(40200,NULL,'6-30',0,1780),(40201,NULL,'7-1',0,1781),(40202,NULL,'7-2',0,1781),(40203,NULL,'7-3',0,1781),(40204,NULL,'7-4',0,1781),(40205,NULL,'7-5',0,1781),(40206,NULL,'7-6',0,1781),(40207,NULL,'7-7',0,1781),(40208,NULL,'7-8',0,1781),(40209,NULL,'7-9',0,1781),(40210,NULL,'7-10',0,1781),(40211,NULL,'7-11',0,1781),(40212,NULL,'7-12',0,1781),(40213,NULL,'7-13',0,1781),(40214,NULL,'7-14',0,1781),(40215,NULL,'7-15',0,1781),(40216,NULL,'7-16',0,1781),(40217,NULL,'7-17',0,1781),(40218,NULL,'7-18',0,1781),(40219,NULL,'7-19',0,1781),(40220,NULL,'7-20',0,1781),(40221,NULL,'7-21',0,1781),(40222,NULL,'7-22',0,1781),(40223,NULL,'7-23',0,1781),(40224,NULL,'7-24',0,1781),(40225,NULL,'7-25',0,1781),(40226,NULL,'7-26',0,1781),(40227,NULL,'7-27',0,1781),(40228,NULL,'7-28',0,1781),(40229,NULL,'7-29',0,1781),(40230,NULL,'7-30',0,1781),(40231,NULL,'8-1',0,1782),(40232,NULL,'8-2',0,1782),(40233,NULL,'8-3',0,1782),(40234,NULL,'8-4',0,1782),(40235,NULL,'8-5',0,1782),(40236,NULL,'8-6',0,1782),(40237,NULL,'8-7',0,1782),(40238,NULL,'8-8',0,1782),(40239,NULL,'8-9',0,1782),(40240,NULL,'8-10',0,1782),(40241,NULL,'8-11',0,1782),(40242,NULL,'8-12',0,1782),(40243,NULL,'8-13',0,1782),(40244,NULL,'8-14',0,1782),(40245,NULL,'8-15',0,1782),(40246,NULL,'8-16',0,1782),(40247,NULL,'8-17',0,1782),(40248,NULL,'8-18',0,1782),(40249,NULL,'8-19',0,1782),(40250,NULL,'8-20',0,1782),(40251,NULL,'8-21',0,1782),(40252,NULL,'8-22',0,1782),(40253,NULL,'8-23',0,1782),(40254,NULL,'8-24',0,1782),(40255,NULL,'8-25',0,1782),(40256,NULL,'8-26',0,1782),(40257,NULL,'8-27',0,1782),(40258,NULL,'8-28',0,1782),(40259,NULL,'8-29',0,1782),(40260,NULL,'8-30',0,1782),(40261,NULL,'9-1',0,1783),(40262,NULL,'9-2',0,1783),(40263,NULL,'9-3',0,1783),(40264,NULL,'9-4',0,1783),(40265,NULL,'9-5',0,1783),(40266,NULL,'9-6',0,1783),(40267,NULL,'9-7',0,1783),(40268,NULL,'9-8',0,1783),(40269,NULL,'9-9',0,1783),(40270,NULL,'9-10',0,1783),(40271,NULL,'9-11',0,1783),(40272,NULL,'9-12',0,1783),(40273,NULL,'9-13',0,1783),(40274,NULL,'9-14',0,1783),(40275,NULL,'9-15',0,1783),(40276,NULL,'9-16',0,1783),(40277,NULL,'9-17',0,1783),(40278,NULL,'9-18',0,1783),(40279,NULL,'9-19',0,1783),(40280,NULL,'9-20',0,1783),(40281,NULL,'9-21',0,1783),(40282,NULL,'9-22',0,1783),(40283,NULL,'9-23',0,1783),(40284,NULL,'9-24',0,1783),(40285,NULL,'9-25',0,1783),(40286,NULL,'9-26',0,1783),(40287,NULL,'9-27',0,1783),(40288,NULL,'9-28',0,1783),(40289,NULL,'9-29',0,1783),(40290,NULL,'9-30',0,1783),(40291,NULL,'10-1',0,1784),(40292,NULL,'10-2',0,1784),(40293,NULL,'10-3',0,1784),(40294,NULL,'10-4',0,1784),(40295,NULL,'10-5',0,1784),(40296,NULL,'10-6',0,1784),(40297,NULL,'10-7',0,1784),(40298,NULL,'10-8',0,1784),(40299,NULL,'10-9',0,1784),(40300,NULL,'10-10',0,1784),(40301,NULL,'10-11',0,1784),(40302,NULL,'10-12',0,1784),(40303,NULL,'10-13',0,1784),(40304,NULL,'10-14',0,1784),(40305,NULL,'10-15',0,1784),(40306,NULL,'10-16',0,1784),(40307,NULL,'10-17',0,1784),(40308,NULL,'10-18',0,1784),(40309,NULL,'10-19',0,1784),(40310,NULL,'10-20',0,1784),(40311,NULL,'10-21',0,1784),(40312,NULL,'10-22',0,1784),(40313,NULL,'10-23',0,1784),(40314,NULL,'10-24',0,1784),(40315,NULL,'10-25',0,1784),(40316,NULL,'10-26',0,1784),(40317,NULL,'10-27',0,1784),(40318,NULL,'10-28',0,1784),(40319,NULL,'10-29',0,1784),(40320,NULL,'10-30',0,1784),(40321,NULL,'11-1',0,1785),(40322,NULL,'11-2',0,1785),(40323,NULL,'11-3',0,1785),(40324,NULL,'11-4',0,1785),(40325,NULL,'11-5',0,1785),(40326,NULL,'11-6',0,1785),(40327,NULL,'11-7',0,1785),(40328,NULL,'11-8',0,1785),(40329,NULL,'11-9',0,1785),(40330,NULL,'11-10',0,1785),(40331,NULL,'11-11',0,1785),(40332,NULL,'11-12',0,1785),(40333,NULL,'11-13',0,1785),(40334,NULL,'11-14',0,1785),(40335,NULL,'11-15',0,1785),(40336,NULL,'11-16',0,1785),(40337,NULL,'11-17',0,1785),(40338,NULL,'11-18',0,1785),(40339,NULL,'11-19',0,1785),(40340,NULL,'11-20',0,1785),(40341,NULL,'11-21',0,1785),(40342,NULL,'11-22',0,1785),(40343,NULL,'11-23',0,1785),(40344,NULL,'11-24',0,1785),(40345,NULL,'11-25',0,1785),(40346,NULL,'11-26',0,1785),(40347,NULL,'11-27',0,1785),(40348,NULL,'11-28',0,1785),(40349,NULL,'11-29',0,1785),(40350,NULL,'11-30',0,1785),(40351,NULL,'12-1',0,1786),(40352,NULL,'12-2',0,1786),(40353,NULL,'12-3',0,1786),(40354,NULL,'12-4',0,1786),(40355,NULL,'12-5',0,1786),(40356,NULL,'12-6',0,1786),(40357,NULL,'12-7',0,1786),(40358,NULL,'12-8',0,1786),(40359,NULL,'12-9',0,1786),(40360,NULL,'12-10',0,1786),(40361,NULL,'12-11',0,1786),(40362,NULL,'12-12',0,1786),(40363,NULL,'12-13',0,1786),(40364,NULL,'12-14',0,1786),(40365,NULL,'12-15',0,1786),(40366,NULL,'12-16',0,1786),(40367,NULL,'12-17',0,1786),(40368,NULL,'12-18',0,1786),(40369,NULL,'12-19',0,1786),(40370,NULL,'12-20',0,1786),(40371,NULL,'12-21',0,1786),(40372,NULL,'12-22',0,1786),(40373,NULL,'12-23',0,1786),(40374,NULL,'12-24',0,1786),(40375,NULL,'12-25',0,1786),(40376,NULL,'12-26',0,1786),(40377,NULL,'12-27',0,1786),(40378,NULL,'12-28',0,1786),(40379,NULL,'12-29',0,1786),(40380,NULL,'12-30',0,1786),(40381,NULL,'13-1',0,1787),(40382,NULL,'13-2',0,1787),(40383,NULL,'13-3',0,1787),(40384,NULL,'13-4',0,1787),(40385,NULL,'13-5',0,1787),(40386,NULL,'13-6',0,1787),(40387,NULL,'13-7',0,1787),(40388,NULL,'13-8',0,1787),(40389,NULL,'13-9',0,1787),(40390,NULL,'13-10',0,1787),(40391,NULL,'13-11',0,1787),(40392,NULL,'13-12',0,1787),(40393,NULL,'13-13',0,1787),(40394,NULL,'13-14',0,1787),(40395,NULL,'13-15',0,1787),(40396,NULL,'13-16',0,1787),(40397,NULL,'13-17',0,1787),(40398,NULL,'13-18',0,1787),(40399,NULL,'13-19',0,1787),(40400,NULL,'13-20',0,1787),(40401,NULL,'13-21',0,1787),(40402,NULL,'13-22',0,1787),(40403,NULL,'13-23',0,1787),(40404,NULL,'13-24',0,1787),(40405,NULL,'13-25',0,1787),(40406,NULL,'13-26',0,1787),(40407,NULL,'13-27',0,1787),(40408,NULL,'13-28',0,1787),(40409,NULL,'13-29',0,1787),(40410,NULL,'13-30',0,1787),(40411,NULL,'14-1',0,1788),(40412,NULL,'14-2',0,1788),(40413,NULL,'14-3',0,1788),(40414,NULL,'14-4',0,1788),(40415,NULL,'14-5',0,1788),(40416,NULL,'14-6',0,1788),(40417,NULL,'14-7',0,1788),(40418,NULL,'14-8',0,1788),(40419,NULL,'14-9',0,1788),(40420,NULL,'14-10',0,1788),(40421,NULL,'14-11',0,1788),(40422,NULL,'14-12',0,1788),(40423,NULL,'14-13',0,1788),(40424,NULL,'14-14',0,1788),(40425,NULL,'14-15',0,1788),(40426,NULL,'14-16',0,1788),(40427,NULL,'14-17',0,1788),(40428,NULL,'14-18',0,1788),(40429,NULL,'14-19',0,1788),(40430,NULL,'14-20',0,1788),(40431,NULL,'14-21',0,1788),(40432,NULL,'14-22',0,1788),(40433,NULL,'14-23',0,1788),(40434,NULL,'14-24',0,1788),(40435,NULL,'14-25',0,1788),(40436,NULL,'14-26',0,1788),(40437,NULL,'14-27',0,1788),(40438,NULL,'14-28',0,1788),(40439,NULL,'14-29',0,1788),(40440,NULL,'14-30',0,1788),(40441,NULL,'15-1',0,1789),(40442,NULL,'15-2',0,1789),(40443,NULL,'15-3',0,1789),(40444,NULL,'15-4',0,1789),(40445,NULL,'15-5',0,1789),(40446,NULL,'15-6',0,1789),(40447,NULL,'15-7',0,1789),(40448,NULL,'15-8',0,1789),(40449,NULL,'15-9',0,1789),(40450,NULL,'15-10',0,1789),(40451,NULL,'15-11',0,1789),(40452,NULL,'15-12',0,1789),(40453,NULL,'15-13',0,1789),(40454,NULL,'15-14',0,1789),(40455,NULL,'15-15',0,1789),(40456,NULL,'15-16',0,1789),(40457,NULL,'15-17',0,1789),(40458,NULL,'15-18',0,1789),(40459,NULL,'15-19',0,1789),(40460,NULL,'15-20',0,1789),(40461,NULL,'15-21',0,1789),(40462,NULL,'15-22',0,1789),(40463,NULL,'15-23',0,1789),(40464,NULL,'15-24',0,1789),(40465,NULL,'15-25',0,1789),(40466,NULL,'15-26',0,1789),(40467,NULL,'15-27',0,1789),(40468,NULL,'15-28',0,1789),(40469,NULL,'15-29',0,1789),(40470,NULL,'15-30',0,1789),(40471,NULL,'16-1',0,1790),(40472,NULL,'16-2',0,1790),(40473,NULL,'16-3',0,1790),(40474,NULL,'16-4',0,1790),(40475,NULL,'16-5',0,1790),(40476,NULL,'16-6',0,1790),(40477,NULL,'16-7',0,1790),(40478,NULL,'16-8',0,1790),(40479,NULL,'16-9',0,1790),(40480,NULL,'16-10',0,1790),(40481,NULL,'16-11',0,1790),(40482,NULL,'16-12',0,1790),(40483,NULL,'16-13',0,1790),(40484,NULL,'16-14',0,1790),(40485,NULL,'16-15',0,1790),(40486,NULL,'16-16',0,1790),(40487,NULL,'16-17',0,1790),(40488,NULL,'16-18',0,1790),(40489,NULL,'16-19',0,1790),(40490,NULL,'16-20',0,1790),(40491,NULL,'16-21',0,1790),(40492,NULL,'16-22',0,1790),(40493,NULL,'16-23',0,1790),(40494,NULL,'16-24',0,1790),(40495,NULL,'16-25',0,1790),(40496,NULL,'16-26',0,1790),(40497,NULL,'16-27',0,1790),(40498,NULL,'16-28',0,1790),(40499,NULL,'16-29',0,1790),(40500,NULL,'16-30',0,1790),(40501,NULL,'17-1',0,1791),(40502,NULL,'17-2',0,1791),(40503,NULL,'17-3',0,1791),(40504,NULL,'17-4',0,1791),(40505,NULL,'17-5',0,1791),(40506,NULL,'17-6',0,1791),(40507,NULL,'17-7',0,1791),(40508,NULL,'17-8',0,1791),(40509,NULL,'17-9',0,1791),(40510,NULL,'17-10',0,1791),(40511,NULL,'17-11',0,1791),(40512,NULL,'17-12',0,1791),(40513,NULL,'17-13',0,1791),(40514,NULL,'17-14',0,1791),(40515,NULL,'17-15',0,1791),(40516,NULL,'17-16',0,1791),(40517,NULL,'17-17',0,1791),(40518,NULL,'17-18',0,1791),(40519,NULL,'17-19',0,1791),(40520,NULL,'17-20',0,1791),(40521,NULL,'17-21',0,1791),(40522,NULL,'17-22',0,1791),(40523,NULL,'17-23',0,1791),(40524,NULL,'17-24',0,1791),(40525,NULL,'17-25',0,1791),(40526,NULL,'17-26',0,1791),(40527,NULL,'17-27',0,1791),(40528,NULL,'17-28',0,1791),(40529,NULL,'17-29',0,1791),(40530,NULL,'17-30',0,1791),(40531,NULL,'18-1',0,1792),(40532,NULL,'18-2',0,1792),(40533,NULL,'18-3',0,1792),(40534,NULL,'18-4',0,1792),(40535,NULL,'18-5',0,1792),(40536,NULL,'18-6',0,1792),(40537,NULL,'18-7',0,1792),(40538,NULL,'18-8',0,1792),(40539,NULL,'18-9',0,1792),(40540,NULL,'18-10',0,1792),(40541,NULL,'18-11',0,1792),(40542,NULL,'18-12',0,1792),(40543,NULL,'18-13',0,1792),(40544,NULL,'18-14',0,1792),(40545,NULL,'18-15',0,1792),(40546,NULL,'18-16',0,1792),(40547,NULL,'18-17',0,1792),(40548,NULL,'18-18',0,1792),(40549,NULL,'18-19',0,1792),(40550,NULL,'18-20',0,1792),(40551,NULL,'18-21',0,1792),(40552,NULL,'18-22',0,1792),(40553,NULL,'18-23',0,1792),(40554,NULL,'18-24',0,1792),(40555,NULL,'18-25',0,1792),(40556,NULL,'18-26',0,1792),(40557,NULL,'18-27',0,1792),(40558,NULL,'18-28',0,1792),(40559,NULL,'18-29',0,1792),(40560,NULL,'18-30',0,1792),(40561,NULL,'A-1',0,1793),(40562,NULL,'A-2',0,1793),(40563,NULL,'A-3',0,1793),(40564,NULL,'A-4',0,1793),(40565,NULL,'A-5',0,1793),(40566,NULL,'A-6',0,1793),(40567,NULL,'A-7',0,1793),(40568,NULL,'A-8',0,1793),(40569,NULL,'A-9',0,1793),(40570,NULL,'A-10',0,1793),(40571,NULL,'A-11',0,1793),(40572,NULL,'A-12',0,1793),(40573,NULL,'A-13',0,1793),(40574,NULL,'A-14',0,1793),(40575,NULL,'A-15',0,1793),(40576,NULL,'A-16',0,1793),(40577,NULL,'A-17',0,1793),(40578,NULL,'A-18',0,1793),(40579,NULL,'A-19',0,1793),(40580,NULL,'A-20',0,1793),(40581,NULL,'A-21',0,1793),(40582,NULL,'A-22',0,1793),(40583,NULL,'A-23',0,1793),(40584,NULL,'A-24',0,1793),(40585,NULL,'A-25',0,1793),(40586,NULL,'A-26',0,1793),(40587,NULL,'A-27',0,1793),(40588,NULL,'A-28',0,1793),(40589,NULL,'A-29',0,1793),(40590,NULL,'A-30',0,1793),(40591,NULL,'B-1',0,1794),(40592,NULL,'B-2',0,1794),(40593,NULL,'B-3',0,1794),(40594,NULL,'B-4',0,1794),(40595,NULL,'B-5',0,1794),(40596,NULL,'B-6',0,1794),(40597,NULL,'B-7',0,1794),(40598,NULL,'B-8',0,1794),(40599,NULL,'B-9',0,1794),(40600,NULL,'B-10',0,1794),(40601,NULL,'B-11',0,1794),(40602,NULL,'B-12',0,1794),(40603,NULL,'B-13',0,1794),(40604,NULL,'B-14',0,1794),(40605,NULL,'B-15',0,1794),(40606,NULL,'B-16',0,1794),(40607,NULL,'B-17',0,1794),(40608,NULL,'B-18',0,1794),(40609,NULL,'B-19',0,1794),(40610,NULL,'B-20',0,1794),(40611,NULL,'B-21',0,1794),(40612,NULL,'B-22',0,1794),(40613,NULL,'B-23',0,1794),(40614,NULL,'B-24',0,1794),(40615,NULL,'B-25',0,1794),(40616,NULL,'B-26',0,1794),(40617,NULL,'B-27',0,1794),(40618,NULL,'B-28',0,1794),(40619,NULL,'B-29',0,1794),(40620,NULL,'B-30',0,1794),(40621,NULL,'C-1',0,1795),(40622,NULL,'C-2',0,1795),(40623,NULL,'C-3',0,1795),(40624,NULL,'C-4',0,1795),(40625,NULL,'C-5',0,1795),(40626,NULL,'C-6',0,1795),(40627,NULL,'C-7',0,1795),(40628,NULL,'C-8',0,1795),(40629,NULL,'C-9',0,1795),(40630,NULL,'C-10',0,1795),(40631,NULL,'C-11',0,1795),(40632,NULL,'C-12',0,1795),(40633,NULL,'C-13',0,1795),(40634,NULL,'C-14',0,1795),(40635,NULL,'C-15',0,1795),(40636,NULL,'C-16',0,1795),(40637,NULL,'C-17',0,1795),(40638,NULL,'C-18',0,1795),(40639,NULL,'C-19',0,1795),(40640,NULL,'C-20',0,1795),(40641,NULL,'C-21',0,1795),(40642,NULL,'C-22',0,1795),(40643,NULL,'C-23',0,1795),(40644,NULL,'C-24',0,1795),(40645,NULL,'C-25',0,1795),(40646,NULL,'C-26',0,1795),(40647,NULL,'C-27',0,1795),(40648,NULL,'C-28',0,1795),(40649,NULL,'C-29',0,1795),(40650,NULL,'C-30',0,1795),(40651,NULL,'D-1',0,1796),(40652,NULL,'D-2',0,1796),(40653,NULL,'D-3',0,1796),(40654,NULL,'D-4',0,1796),(40655,NULL,'D-5',0,1796),(40656,NULL,'D-6',0,1796),(40657,NULL,'D-7',0,1796),(40658,NULL,'D-8',0,1796),(40659,NULL,'D-9',0,1796),(40660,NULL,'D-10',0,1796),(40661,NULL,'D-11',0,1796),(40662,NULL,'D-12',0,1796),(40663,NULL,'D-13',0,1796),(40664,NULL,'D-14',0,1796),(40665,NULL,'D-15',0,1796),(40666,NULL,'D-16',0,1796),(40667,NULL,'D-17',0,1796),(40668,NULL,'D-18',0,1796),(40669,NULL,'D-19',0,1796),(40670,NULL,'D-20',0,1796),(40671,NULL,'D-21',0,1796),(40672,NULL,'D-22',0,1796),(40673,NULL,'D-23',0,1796),(40674,NULL,'D-24',0,1796),(40675,NULL,'D-25',0,1796),(40676,NULL,'D-26',0,1796),(40677,NULL,'D-27',0,1796),(40678,NULL,'D-28',0,1796),(40679,NULL,'D-29',0,1796),(40680,NULL,'D-30',0,1796),(40681,NULL,'E-1',0,1797),(40682,NULL,'E-2',0,1797),(40683,NULL,'E-3',0,1797),(40684,NULL,'E-4',0,1797),(40685,NULL,'E-5',0,1797),(40686,NULL,'E-6',0,1797),(40687,NULL,'E-7',0,1797),(40688,NULL,'E-8',0,1797),(40689,NULL,'E-9',0,1797),(40690,NULL,'E-10',0,1797),(40691,NULL,'E-11',0,1797),(40692,NULL,'E-12',0,1797),(40693,NULL,'E-13',0,1797),(40694,NULL,'E-14',0,1797),(40695,NULL,'E-15',0,1797),(40696,NULL,'E-16',0,1797),(40697,NULL,'E-17',0,1797),(40698,NULL,'E-18',0,1797),(40699,NULL,'E-19',0,1797),(40700,NULL,'E-20',0,1797),(40701,NULL,'E-21',0,1797),(40702,NULL,'E-22',0,1797),(40703,NULL,'E-23',0,1797),(40704,NULL,'E-24',0,1797),(40705,NULL,'E-25',0,1797),(40706,NULL,'E-26',0,1797),(40707,NULL,'E-27',0,1797),(40708,NULL,'E-28',0,1797),(40709,NULL,'E-29',0,1797),(40710,NULL,'E-30',0,1797),(40711,NULL,'F-1',0,1798),(40712,NULL,'F-2',0,1798),(40713,NULL,'F-3',0,1798),(40714,NULL,'F-4',0,1798),(40715,NULL,'F-5',0,1798),(40716,NULL,'F-6',0,1798),(40717,NULL,'F-7',0,1798),(40718,NULL,'F-8',0,1798),(40719,NULL,'F-9',0,1798),(40720,NULL,'F-10',0,1798),(40721,NULL,'F-11',0,1798),(40722,NULL,'F-12',0,1798),(40723,NULL,'F-13',0,1798),(40724,NULL,'F-14',0,1798),(40725,NULL,'F-15',0,1798),(40726,NULL,'F-16',0,1798),(40727,NULL,'F-17',0,1798),(40728,NULL,'F-18',0,1798),(40729,NULL,'F-19',0,1798),(40730,NULL,'F-20',0,1798),(40731,NULL,'F-21',0,1798),(40732,NULL,'F-22',0,1798),(40733,NULL,'F-23',0,1798),(40734,NULL,'F-24',0,1798),(40735,NULL,'F-25',0,1798),(40736,NULL,'F-26',0,1798),(40737,NULL,'F-27',0,1798),(40738,NULL,'F-28',0,1798),(40739,NULL,'F-29',0,1798),(40740,NULL,'F-30',0,1798),(40741,NULL,'G-1',0,1799),(40742,NULL,'G-2',0,1799),(40743,NULL,'G-3',0,1799),(40744,NULL,'G-4',0,1799),(40745,NULL,'G-5',0,1799),(40746,NULL,'G-6',0,1799),(40747,NULL,'G-7',0,1799),(40748,NULL,'G-8',0,1799),(40749,NULL,'G-9',0,1799),(40750,NULL,'G-10',0,1799),(40751,NULL,'G-11',0,1799),(40752,NULL,'G-12',0,1799),(40753,NULL,'G-13',0,1799),(40754,NULL,'G-14',0,1799),(40755,NULL,'G-15',0,1799),(40756,NULL,'G-16',0,1799),(40757,NULL,'G-17',0,1799),(40758,NULL,'G-18',0,1799),(40759,NULL,'G-19',0,1799),(40760,NULL,'G-20',0,1799),(40761,NULL,'G-21',0,1799),(40762,NULL,'G-22',0,1799),(40763,NULL,'G-23',0,1799),(40764,NULL,'G-24',0,1799),(40765,NULL,'G-25',0,1799),(40766,NULL,'G-26',0,1799),(40767,NULL,'G-27',0,1799),(40768,NULL,'G-28',0,1799),(40769,NULL,'G-29',0,1799),(40770,NULL,'G-30',0,1799),(40771,NULL,'H-1',0,1800),(40772,NULL,'H-2',0,1800),(40773,NULL,'H-3',0,1800),(40774,NULL,'H-4',0,1800),(40775,NULL,'H-5',0,1800),(40776,NULL,'H-6',0,1800),(40777,NULL,'H-7',0,1800),(40778,NULL,'H-8',0,1800),(40779,NULL,'H-9',0,1800),(40780,NULL,'H-10',0,1800),(40781,NULL,'H-11',0,1800),(40782,NULL,'H-12',0,1800),(40783,NULL,'H-13',0,1800),(40784,NULL,'H-14',0,1800),(40785,NULL,'H-15',0,1800),(40786,NULL,'H-16',0,1800),(40787,NULL,'H-17',0,1800),(40788,NULL,'H-18',0,1800),(40789,NULL,'H-19',0,1800),(40790,NULL,'H-20',0,1800),(40791,NULL,'H-21',0,1800),(40792,NULL,'H-22',0,1800),(40793,NULL,'H-23',0,1800),(40794,NULL,'H-24',0,1800),(40795,NULL,'H-25',0,1800),(40796,NULL,'H-26',0,1800),(40797,NULL,'H-27',0,1800),(40798,NULL,'H-28',0,1800),(40799,NULL,'H-29',0,1800),(40800,NULL,'H-30',0,1800),(40801,NULL,'1-1',0,1801),(40802,NULL,'1-2',0,1801),(40803,NULL,'1-3',0,1801),(40804,NULL,'1-4',0,1801),(40805,NULL,'1-5',0,1801),(40806,NULL,'1-6',0,1801),(40807,NULL,'1-7',0,1801),(40808,NULL,'1-8',0,1801),(40809,NULL,'1-9',0,1801),(40810,NULL,'1-10',0,1801),(40811,NULL,'1-11',0,1801),(40812,NULL,'1-12',0,1801),(40813,NULL,'1-13',0,1801),(40814,NULL,'1-14',0,1801),(40815,NULL,'1-15',0,1801),(40816,NULL,'1-16',0,1801),(40817,NULL,'1-17',0,1801),(40818,NULL,'1-18',0,1801),(40819,NULL,'1-19',0,1801),(40820,NULL,'1-20',0,1801),(40821,NULL,'1-21',0,1801),(40822,NULL,'1-22',0,1801),(40823,NULL,'1-23',0,1801),(40824,NULL,'1-24',0,1801),(40825,NULL,'1-25',0,1801),(40826,NULL,'1-26',0,1801),(40827,NULL,'1-27',0,1801),(40828,NULL,'1-28',0,1801),(40829,NULL,'1-29',0,1801),(40830,NULL,'1-30',0,1801),(40831,NULL,'2-1',0,1802),(40832,NULL,'2-2',0,1802),(40833,NULL,'2-3',0,1802),(40834,NULL,'2-4',0,1802),(40835,NULL,'2-5',0,1802),(40836,NULL,'2-6',0,1802),(40837,NULL,'2-7',0,1802),(40838,NULL,'2-8',0,1802),(40839,NULL,'2-9',0,1802),(40840,NULL,'2-10',0,1802),(40841,NULL,'2-11',0,1802),(40842,NULL,'2-12',0,1802),(40843,NULL,'2-13',0,1802),(40844,NULL,'2-14',0,1802),(40845,NULL,'2-15',0,1802),(40846,NULL,'2-16',0,1802),(40847,NULL,'2-17',0,1802),(40848,NULL,'2-18',0,1802),(40849,NULL,'2-19',0,1802),(40850,NULL,'2-20',0,1802),(40851,NULL,'2-21',0,1802),(40852,NULL,'2-22',0,1802),(40853,NULL,'2-23',0,1802),(40854,NULL,'2-24',0,1802),(40855,NULL,'2-25',0,1802),(40856,NULL,'2-26',0,1802),(40857,NULL,'2-27',0,1802),(40858,NULL,'2-28',0,1802),(40859,NULL,'2-29',0,1802),(40860,NULL,'2-30',0,1802),(40861,NULL,'3-1',0,1803),(40862,NULL,'3-2',0,1803),(40863,NULL,'3-3',0,1803),(40864,NULL,'3-4',0,1803),(40865,NULL,'3-5',0,1803),(40866,NULL,'3-6',0,1803),(40867,NULL,'3-7',0,1803),(40868,NULL,'3-8',0,1803),(40869,NULL,'3-9',0,1803),(40870,NULL,'3-10',0,1803),(40871,NULL,'3-11',0,1803),(40872,NULL,'3-12',0,1803),(40873,NULL,'3-13',0,1803),(40874,NULL,'3-14',0,1803),(40875,NULL,'3-15',0,1803),(40876,NULL,'3-16',0,1803),(40877,NULL,'3-17',0,1803),(40878,NULL,'3-18',0,1803),(40879,NULL,'3-19',0,1803),(40880,NULL,'3-20',0,1803),(40881,NULL,'3-21',0,1803),(40882,NULL,'3-22',0,1803),(40883,NULL,'3-23',0,1803),(40884,NULL,'3-24',0,1803),(40885,NULL,'3-25',0,1803),(40886,NULL,'3-26',0,1803),(40887,NULL,'3-27',0,1803),(40888,NULL,'3-28',0,1803),(40889,NULL,'3-29',0,1803),(40890,NULL,'3-30',0,1803),(40891,NULL,'4-1',0,1804),(40892,NULL,'4-2',0,1804),(40893,NULL,'4-3',0,1804),(40894,NULL,'4-4',0,1804),(40895,NULL,'4-5',0,1804),(40896,NULL,'4-6',0,1804),(40897,NULL,'4-7',0,1804),(40898,NULL,'4-8',0,1804),(40899,NULL,'4-9',0,1804),(40900,NULL,'4-10',0,1804),(40901,NULL,'4-11',0,1804),(40902,NULL,'4-12',0,1804),(40903,NULL,'4-13',0,1804),(40904,NULL,'4-14',0,1804),(40905,NULL,'4-15',0,1804),(40906,NULL,'4-16',0,1804),(40907,NULL,'4-17',0,1804),(40908,NULL,'4-18',0,1804),(40909,NULL,'4-19',0,1804),(40910,NULL,'4-20',0,1804),(40911,NULL,'4-21',0,1804),(40912,NULL,'4-22',0,1804),(40913,NULL,'4-23',0,1804),(40914,NULL,'4-24',0,1804),(40915,NULL,'4-25',0,1804),(40916,NULL,'4-26',0,1804),(40917,NULL,'4-27',0,1804),(40918,NULL,'4-28',0,1804),(40919,NULL,'4-29',0,1804),(40920,NULL,'4-30',0,1804),(40921,NULL,'5-1',0,1805),(40922,NULL,'5-2',0,1805),(40923,NULL,'5-3',0,1805),(40924,NULL,'5-4',0,1805),(40925,NULL,'5-5',0,1805),(40926,NULL,'5-6',0,1805),(40927,NULL,'5-7',0,1805),(40928,NULL,'5-8',0,1805),(40929,NULL,'5-9',0,1805),(40930,NULL,'5-10',0,1805),(40931,NULL,'5-11',0,1805),(40932,NULL,'5-12',0,1805),(40933,NULL,'5-13',0,1805),(40934,NULL,'5-14',0,1805),(40935,NULL,'5-15',0,1805),(40936,NULL,'5-16',0,1805),(40937,NULL,'5-17',0,1805),(40938,NULL,'5-18',0,1805),(40939,NULL,'5-19',0,1805),(40940,NULL,'5-20',0,1805),(40941,NULL,'5-21',0,1805),(40942,NULL,'5-22',0,1805),(40943,NULL,'5-23',0,1805),(40944,NULL,'5-24',0,1805),(40945,NULL,'5-25',0,1805),(40946,NULL,'5-26',0,1805),(40947,NULL,'5-27',0,1805),(40948,NULL,'5-28',0,1805),(40949,NULL,'5-29',0,1805),(40950,NULL,'5-30',0,1805),(40951,NULL,'6-1',0,1806),(40952,NULL,'6-2',0,1806),(40953,NULL,'6-3',0,1806),(40954,NULL,'6-4',0,1806),(40955,NULL,'6-5',0,1806),(40956,NULL,'6-6',0,1806),(40957,NULL,'6-7',0,1806),(40958,NULL,'6-8',0,1806),(40959,NULL,'6-9',0,1806),(40960,NULL,'6-10',0,1806),(40961,NULL,'6-11',0,1806),(40962,NULL,'6-12',0,1806),(40963,NULL,'6-13',0,1806),(40964,NULL,'6-14',0,1806),(40965,NULL,'6-15',0,1806),(40966,NULL,'6-16',0,1806),(40967,NULL,'6-17',0,1806),(40968,NULL,'6-18',0,1806),(40969,NULL,'6-19',0,1806),(40970,NULL,'6-20',0,1806),(40971,NULL,'6-21',0,1806),(40972,NULL,'6-22',0,1806),(40973,NULL,'6-23',0,1806),(40974,NULL,'6-24',0,1806),(40975,NULL,'6-25',0,1806),(40976,NULL,'6-26',0,1806),(40977,NULL,'6-27',0,1806),(40978,NULL,'6-28',0,1806),(40979,NULL,'6-29',0,1806),(40980,NULL,'6-30',0,1806),(40981,NULL,'7-1',0,1807),(40982,NULL,'7-2',0,1807),(40983,NULL,'7-3',0,1807),(40984,NULL,'7-4',0,1807),(40985,NULL,'7-5',0,1807),(40986,NULL,'7-6',0,1807),(40987,NULL,'7-7',0,1807),(40988,NULL,'7-8',0,1807),(40989,NULL,'7-9',0,1807),(40990,NULL,'7-10',0,1807),(40991,NULL,'7-11',0,1807),(40992,NULL,'7-12',0,1807),(40993,NULL,'7-13',0,1807),(40994,NULL,'7-14',0,1807),(40995,NULL,'7-15',0,1807),(40996,NULL,'7-16',0,1807),(40997,NULL,'7-17',0,1807),(40998,NULL,'7-18',0,1807),(40999,NULL,'7-19',0,1807),(41000,NULL,'7-20',0,1807),(41001,NULL,'7-21',0,1807),(41002,NULL,'7-22',0,1807),(41003,NULL,'7-23',0,1807),(41004,NULL,'7-24',0,1807),(41005,NULL,'7-25',0,1807),(41006,NULL,'7-26',0,1807),(41007,NULL,'7-27',0,1807),(41008,NULL,'7-28',0,1807),(41009,NULL,'7-29',0,1807),(41010,NULL,'7-30',0,1807),(41011,NULL,'8-1',0,1808),(41012,NULL,'8-2',0,1808),(41013,NULL,'8-3',0,1808),(41014,NULL,'8-4',0,1808),(41015,NULL,'8-5',0,1808),(41016,NULL,'8-6',0,1808),(41017,NULL,'8-7',0,1808),(41018,NULL,'8-8',0,1808),(41019,NULL,'8-9',0,1808),(41020,NULL,'8-10',0,1808),(41021,NULL,'8-11',0,1808),(41022,NULL,'8-12',0,1808),(41023,NULL,'8-13',0,1808),(41024,NULL,'8-14',0,1808),(41025,NULL,'8-15',0,1808),(41026,NULL,'8-16',0,1808),(41027,NULL,'8-17',0,1808),(41028,NULL,'8-18',0,1808),(41029,NULL,'8-19',0,1808),(41030,NULL,'8-20',0,1808),(41031,NULL,'8-21',0,1808),(41032,NULL,'8-22',0,1808),(41033,NULL,'8-23',0,1808),(41034,NULL,'8-24',0,1808),(41035,NULL,'8-25',0,1808),(41036,NULL,'8-26',0,1808),(41037,NULL,'8-27',0,1808),(41038,NULL,'8-28',0,1808),(41039,NULL,'8-29',0,1808),(41040,NULL,'8-30',0,1808),(41041,NULL,'9-1',0,1809),(41042,NULL,'9-2',0,1809),(41043,NULL,'9-3',0,1809),(41044,NULL,'9-4',0,1809),(41045,NULL,'9-5',0,1809),(41046,NULL,'9-6',0,1809),(41047,NULL,'9-7',0,1809),(41048,NULL,'9-8',0,1809),(41049,NULL,'9-9',0,1809),(41050,NULL,'9-10',0,1809),(41051,NULL,'9-11',0,1809),(41052,NULL,'9-12',0,1809),(41053,NULL,'9-13',0,1809),(41054,NULL,'9-14',0,1809),(41055,NULL,'9-15',0,1809),(41056,NULL,'9-16',0,1809),(41057,NULL,'9-17',0,1809),(41058,NULL,'9-18',0,1809),(41059,NULL,'9-19',0,1809),(41060,NULL,'9-20',0,1809),(41061,NULL,'9-21',0,1809),(41062,NULL,'9-22',0,1809),(41063,NULL,'9-23',0,1809),(41064,NULL,'9-24',0,1809),(41065,NULL,'9-25',0,1809),(41066,NULL,'9-26',0,1809),(41067,NULL,'9-27',0,1809),(41068,NULL,'9-28',0,1809),(41069,NULL,'9-29',0,1809),(41070,NULL,'9-30',0,1809),(41071,NULL,'10-1',0,1810),(41072,NULL,'10-2',0,1810),(41073,NULL,'10-3',0,1810),(41074,NULL,'10-4',0,1810),(41075,NULL,'10-5',0,1810),(41076,NULL,'10-6',0,1810),(41077,NULL,'10-7',0,1810),(41078,NULL,'10-8',0,1810),(41079,NULL,'10-9',0,1810),(41080,NULL,'10-10',0,1810),(41081,NULL,'10-11',0,1810),(41082,NULL,'10-12',0,1810),(41083,NULL,'10-13',0,1810),(41084,NULL,'10-14',0,1810),(41085,NULL,'10-15',0,1810),(41086,NULL,'10-16',0,1810),(41087,NULL,'10-17',0,1810),(41088,NULL,'10-18',0,1810),(41089,NULL,'10-19',0,1810),(41090,NULL,'10-20',0,1810),(41091,NULL,'10-21',0,1810),(41092,NULL,'10-22',0,1810),(41093,NULL,'10-23',0,1810),(41094,NULL,'10-24',0,1810),(41095,NULL,'10-25',0,1810),(41096,NULL,'10-26',0,1810),(41097,NULL,'10-27',0,1810),(41098,NULL,'10-28',0,1810),(41099,NULL,'10-29',0,1810),(41100,NULL,'10-30',0,1810),(41101,NULL,'11-1',0,1811),(41102,NULL,'11-2',0,1811),(41103,NULL,'11-3',0,1811),(41104,NULL,'11-4',0,1811),(41105,NULL,'11-5',0,1811),(41106,NULL,'11-6',0,1811),(41107,NULL,'11-7',0,1811),(41108,NULL,'11-8',0,1811),(41109,NULL,'11-9',0,1811),(41110,NULL,'11-10',0,1811),(41111,NULL,'11-11',0,1811),(41112,NULL,'11-12',0,1811),(41113,NULL,'11-13',0,1811),(41114,NULL,'11-14',0,1811),(41115,NULL,'11-15',0,1811),(41116,NULL,'11-16',0,1811),(41117,NULL,'11-17',0,1811),(41118,NULL,'11-18',0,1811),(41119,NULL,'11-19',0,1811),(41120,NULL,'11-20',0,1811),(41121,NULL,'11-21',0,1811),(41122,NULL,'11-22',0,1811),(41123,NULL,'11-23',0,1811),(41124,NULL,'11-24',0,1811),(41125,NULL,'11-25',0,1811),(41126,NULL,'11-26',0,1811),(41127,NULL,'11-27',0,1811),(41128,NULL,'11-28',0,1811),(41129,NULL,'11-29',0,1811),(41130,NULL,'11-30',0,1811),(41131,NULL,'12-1',0,1812),(41132,NULL,'12-2',0,1812),(41133,NULL,'12-3',0,1812),(41134,NULL,'12-4',0,1812),(41135,NULL,'12-5',0,1812),(41136,NULL,'12-6',0,1812),(41137,NULL,'12-7',0,1812),(41138,NULL,'12-8',0,1812),(41139,NULL,'12-9',0,1812),(41140,NULL,'12-10',0,1812),(41141,NULL,'12-11',0,1812),(41142,NULL,'12-12',0,1812),(41143,NULL,'12-13',0,1812),(41144,NULL,'12-14',0,1812),(41145,NULL,'12-15',0,1812),(41146,NULL,'12-16',0,1812),(41147,NULL,'12-17',0,1812),(41148,NULL,'12-18',0,1812),(41149,NULL,'12-19',0,1812),(41150,NULL,'12-20',0,1812),(41151,NULL,'12-21',0,1812),(41152,NULL,'12-22',0,1812),(41153,NULL,'12-23',0,1812),(41154,NULL,'12-24',0,1812),(41155,NULL,'12-25',0,1812),(41156,NULL,'12-26',0,1812),(41157,NULL,'12-27',0,1812),(41158,NULL,'12-28',0,1812),(41159,NULL,'12-29',0,1812),(41160,NULL,'12-30',0,1812),(41161,NULL,'13-1',0,1813),(41162,NULL,'13-2',0,1813),(41163,NULL,'13-3',0,1813),(41164,NULL,'13-4',0,1813),(41165,NULL,'13-5',0,1813),(41166,NULL,'13-6',0,1813),(41167,NULL,'13-7',0,1813),(41168,NULL,'13-8',0,1813),(41169,NULL,'13-9',0,1813),(41170,NULL,'13-10',0,1813),(41171,NULL,'13-11',0,1813),(41172,NULL,'13-12',0,1813),(41173,NULL,'13-13',0,1813),(41174,NULL,'13-14',0,1813),(41175,NULL,'13-15',0,1813),(41176,NULL,'13-16',0,1813),(41177,NULL,'13-17',0,1813),(41178,NULL,'13-18',0,1813),(41179,NULL,'13-19',0,1813),(41180,NULL,'13-20',0,1813),(41181,NULL,'13-21',0,1813),(41182,NULL,'13-22',0,1813),(41183,NULL,'13-23',0,1813),(41184,NULL,'13-24',0,1813),(41185,NULL,'13-25',0,1813),(41186,NULL,'13-26',0,1813),(41187,NULL,'13-27',0,1813),(41188,NULL,'13-28',0,1813),(41189,NULL,'13-29',0,1813),(41190,NULL,'13-30',0,1813),(41191,NULL,'14-1',0,1814),(41192,NULL,'14-2',0,1814),(41193,NULL,'14-3',0,1814),(41194,NULL,'14-4',0,1814),(41195,NULL,'14-5',0,1814),(41196,NULL,'14-6',0,1814),(41197,NULL,'14-7',0,1814),(41198,NULL,'14-8',0,1814),(41199,NULL,'14-9',0,1814),(41200,NULL,'14-10',0,1814),(41201,NULL,'14-11',0,1814),(41202,NULL,'14-12',0,1814),(41203,NULL,'14-13',0,1814),(41204,NULL,'14-14',0,1814),(41205,NULL,'14-15',0,1814),(41206,NULL,'14-16',0,1814),(41207,NULL,'14-17',0,1814),(41208,NULL,'14-18',0,1814),(41209,NULL,'14-19',0,1814),(41210,NULL,'14-20',0,1814),(41211,NULL,'14-21',0,1814),(41212,NULL,'14-22',0,1814),(41213,NULL,'14-23',0,1814),(41214,NULL,'14-24',0,1814),(41215,NULL,'14-25',0,1814),(41216,NULL,'14-26',0,1814),(41217,NULL,'14-27',0,1814),(41218,NULL,'14-28',0,1814),(41219,NULL,'14-29',0,1814),(41220,NULL,'14-30',0,1814),(41221,NULL,'15-1',0,1815),(41222,NULL,'15-2',0,1815),(41223,NULL,'15-3',0,1815),(41224,NULL,'15-4',0,1815),(41225,NULL,'15-5',0,1815),(41226,NULL,'15-6',0,1815),(41227,NULL,'15-7',0,1815),(41228,NULL,'15-8',0,1815),(41229,NULL,'15-9',0,1815),(41230,NULL,'15-10',0,1815),(41231,NULL,'15-11',0,1815),(41232,NULL,'15-12',0,1815),(41233,NULL,'15-13',0,1815),(41234,NULL,'15-14',0,1815),(41235,NULL,'15-15',0,1815),(41236,NULL,'15-16',0,1815),(41237,NULL,'15-17',0,1815),(41238,NULL,'15-18',0,1815),(41239,NULL,'15-19',0,1815),(41240,NULL,'15-20',0,1815),(41241,NULL,'15-21',0,1815),(41242,NULL,'15-22',0,1815),(41243,NULL,'15-23',0,1815),(41244,NULL,'15-24',0,1815),(41245,NULL,'15-25',0,1815),(41246,NULL,'15-26',0,1815),(41247,NULL,'15-27',0,1815),(41248,NULL,'15-28',0,1815),(41249,NULL,'15-29',0,1815),(41250,NULL,'15-30',0,1815),(41251,NULL,'16-1',0,1816),(41252,NULL,'16-2',0,1816),(41253,NULL,'16-3',0,1816),(41254,NULL,'16-4',0,1816),(41255,NULL,'16-5',0,1816),(41256,NULL,'16-6',0,1816),(41257,NULL,'16-7',0,1816),(41258,NULL,'16-8',0,1816),(41259,NULL,'16-9',0,1816),(41260,NULL,'16-10',0,1816),(41261,NULL,'16-11',0,1816),(41262,NULL,'16-12',0,1816),(41263,NULL,'16-13',0,1816),(41264,NULL,'16-14',0,1816),(41265,NULL,'16-15',0,1816),(41266,NULL,'16-16',0,1816),(41267,NULL,'16-17',0,1816),(41268,NULL,'16-18',0,1816),(41269,NULL,'16-19',0,1816),(41270,NULL,'16-20',0,1816),(41271,NULL,'16-21',0,1816),(41272,NULL,'16-22',0,1816),(41273,NULL,'16-23',0,1816),(41274,NULL,'16-24',0,1816),(41275,NULL,'16-25',0,1816),(41276,NULL,'16-26',0,1816),(41277,NULL,'16-27',0,1816),(41278,NULL,'16-28',0,1816),(41279,NULL,'16-29',0,1816),(41280,NULL,'16-30',0,1816),(41281,NULL,'17-1',0,1817),(41282,NULL,'17-2',0,1817),(41283,NULL,'17-3',0,1817),(41284,NULL,'17-4',0,1817),(41285,NULL,'17-5',0,1817),(41286,NULL,'17-6',0,1817),(41287,NULL,'17-7',0,1817),(41288,NULL,'17-8',0,1817),(41289,NULL,'17-9',0,1817),(41290,NULL,'17-10',0,1817),(41291,NULL,'17-11',0,1817),(41292,NULL,'17-12',0,1817),(41293,NULL,'17-13',0,1817),(41294,NULL,'17-14',0,1817),(41295,NULL,'17-15',0,1817),(41296,NULL,'17-16',0,1817),(41297,NULL,'17-17',0,1817),(41298,NULL,'17-18',0,1817),(41299,NULL,'17-19',0,1817),(41300,NULL,'17-20',0,1817),(41301,NULL,'17-21',0,1817),(41302,NULL,'17-22',0,1817),(41303,NULL,'17-23',0,1817),(41304,NULL,'17-24',0,1817),(41305,NULL,'17-25',0,1817),(41306,NULL,'17-26',0,1817),(41307,NULL,'17-27',0,1817),(41308,NULL,'17-28',0,1817),(41309,NULL,'17-29',0,1817),(41310,NULL,'17-30',0,1817),(41311,NULL,'18-1',0,1818),(41312,NULL,'18-2',0,1818),(41313,NULL,'18-3',0,1818),(41314,NULL,'18-4',0,1818),(41315,NULL,'18-5',0,1818),(41316,NULL,'18-6',0,1818),(41317,NULL,'18-7',0,1818),(41318,NULL,'18-8',0,1818),(41319,NULL,'18-9',0,1818),(41320,NULL,'18-10',0,1818),(41321,NULL,'18-11',0,1818),(41322,NULL,'18-12',0,1818),(41323,NULL,'18-13',0,1818),(41324,NULL,'18-14',0,1818),(41325,NULL,'18-15',0,1818),(41326,NULL,'18-16',0,1818),(41327,NULL,'18-17',0,1818),(41328,NULL,'18-18',0,1818),(41329,NULL,'18-19',0,1818),(41330,NULL,'18-20',0,1818),(41331,NULL,'18-21',0,1818),(41332,NULL,'18-22',0,1818),(41333,NULL,'18-23',0,1818),(41334,NULL,'18-24',0,1818),(41335,NULL,'18-25',0,1818),(41336,NULL,'18-26',0,1818),(41337,NULL,'18-27',0,1818),(41338,NULL,'18-28',0,1818),(41339,NULL,'18-29',0,1818),(41340,NULL,'18-30',0,1818),(41341,NULL,'A-1',0,1819),(41342,NULL,'A-2',0,1819),(41343,NULL,'A-3',0,1819),(41344,NULL,'A-4',0,1819),(41345,NULL,'A-5',0,1819),(41346,NULL,'A-6',0,1819),(41347,NULL,'A-7',0,1819),(41348,NULL,'A-8',0,1819),(41349,NULL,'A-9',0,1819),(41350,NULL,'A-10',0,1819),(41351,NULL,'A-11',0,1819),(41352,NULL,'A-12',0,1819),(41353,NULL,'A-13',0,1819),(41354,NULL,'A-14',0,1819),(41355,NULL,'A-15',0,1819),(41356,NULL,'A-16',0,1819),(41357,NULL,'A-17',0,1819),(41358,NULL,'A-18',0,1819),(41359,NULL,'A-19',0,1819),(41360,NULL,'A-20',0,1819),(41361,NULL,'A-21',0,1819),(41362,NULL,'A-22',0,1819),(41363,NULL,'A-23',0,1819),(41364,NULL,'A-24',0,1819),(41365,NULL,'A-25',0,1819),(41366,NULL,'A-26',0,1819),(41367,NULL,'A-27',0,1819),(41368,NULL,'A-28',0,1819),(41369,NULL,'A-29',0,1819),(41370,NULL,'A-30',0,1819),(41371,NULL,'B-1',0,1820),(41372,NULL,'B-2',0,1820),(41373,NULL,'B-3',0,1820),(41374,NULL,'B-4',0,1820),(41375,NULL,'B-5',0,1820),(41376,NULL,'B-6',0,1820),(41377,NULL,'B-7',0,1820),(41378,NULL,'B-8',0,1820),(41379,NULL,'B-9',0,1820),(41380,NULL,'B-10',0,1820),(41381,NULL,'B-11',0,1820),(41382,NULL,'B-12',0,1820),(41383,NULL,'B-13',0,1820),(41384,NULL,'B-14',0,1820),(41385,NULL,'B-15',0,1820),(41386,NULL,'B-16',0,1820),(41387,NULL,'B-17',0,1820),(41388,NULL,'B-18',0,1820),(41389,NULL,'B-19',0,1820),(41390,NULL,'B-20',0,1820),(41391,NULL,'B-21',0,1820),(41392,NULL,'B-22',0,1820),(41393,NULL,'B-23',0,1820),(41394,NULL,'B-24',0,1820),(41395,NULL,'B-25',0,1820),(41396,NULL,'B-26',0,1820),(41397,NULL,'B-27',0,1820),(41398,NULL,'B-28',0,1820),(41399,NULL,'B-29',0,1820),(41400,NULL,'B-30',0,1820),(41401,NULL,'C-1',0,1821),(41402,NULL,'C-2',0,1821),(41403,NULL,'C-3',0,1821),(41404,NULL,'C-4',0,1821),(41405,NULL,'C-5',0,1821),(41406,NULL,'C-6',0,1821),(41407,NULL,'C-7',0,1821),(41408,NULL,'C-8',0,1821),(41409,NULL,'C-9',0,1821),(41410,NULL,'C-10',0,1821),(41411,NULL,'C-11',0,1821),(41412,NULL,'C-12',0,1821),(41413,NULL,'C-13',0,1821),(41414,NULL,'C-14',0,1821),(41415,NULL,'C-15',0,1821),(41416,NULL,'C-16',0,1821),(41417,NULL,'C-17',0,1821),(41418,NULL,'C-18',0,1821),(41419,NULL,'C-19',0,1821),(41420,NULL,'C-20',0,1821),(41421,NULL,'C-21',0,1821),(41422,NULL,'C-22',0,1821),(41423,NULL,'C-23',0,1821),(41424,NULL,'C-24',0,1821),(41425,NULL,'C-25',0,1821),(41426,NULL,'C-26',0,1821),(41427,NULL,'C-27',0,1821),(41428,NULL,'C-28',0,1821),(41429,NULL,'C-29',0,1821),(41430,NULL,'C-30',0,1821),(41431,NULL,'D-1',0,1822),(41432,NULL,'D-2',0,1822),(41433,NULL,'D-3',0,1822),(41434,NULL,'D-4',0,1822),(41435,NULL,'D-5',0,1822),(41436,NULL,'D-6',0,1822),(41437,NULL,'D-7',0,1822),(41438,NULL,'D-8',0,1822),(41439,NULL,'D-9',0,1822),(41440,NULL,'D-10',0,1822),(41441,NULL,'D-11',0,1822),(41442,NULL,'D-12',0,1822),(41443,NULL,'D-13',0,1822),(41444,NULL,'D-14',0,1822),(41445,NULL,'D-15',0,1822),(41446,NULL,'D-16',0,1822),(41447,NULL,'D-17',0,1822),(41448,NULL,'D-18',0,1822),(41449,NULL,'D-19',0,1822),(41450,NULL,'D-20',0,1822),(41451,NULL,'D-21',0,1822),(41452,NULL,'D-22',0,1822),(41453,NULL,'D-23',0,1822),(41454,NULL,'D-24',0,1822),(41455,NULL,'D-25',0,1822),(41456,NULL,'D-26',0,1822),(41457,NULL,'D-27',0,1822),(41458,NULL,'D-28',0,1822),(41459,NULL,'D-29',0,1822),(41460,NULL,'D-30',0,1822),(41461,NULL,'E-1',0,1823),(41462,NULL,'E-2',0,1823),(41463,NULL,'E-3',0,1823),(41464,NULL,'E-4',0,1823),(41465,NULL,'E-5',0,1823),(41466,NULL,'E-6',0,1823),(41467,NULL,'E-7',0,1823),(41468,NULL,'E-8',0,1823),(41469,NULL,'E-9',0,1823),(41470,NULL,'E-10',0,1823),(41471,NULL,'E-11',0,1823),(41472,NULL,'E-12',0,1823),(41473,NULL,'E-13',0,1823),(41474,NULL,'E-14',0,1823),(41475,NULL,'E-15',0,1823),(41476,NULL,'E-16',0,1823),(41477,NULL,'E-17',0,1823),(41478,NULL,'E-18',0,1823),(41479,NULL,'E-19',0,1823),(41480,NULL,'E-20',0,1823),(41481,NULL,'E-21',0,1823),(41482,NULL,'E-22',0,1823),(41483,NULL,'E-23',0,1823),(41484,NULL,'E-24',0,1823),(41485,NULL,'E-25',0,1823),(41486,NULL,'E-26',0,1823),(41487,NULL,'E-27',0,1823),(41488,NULL,'E-28',0,1823),(41489,NULL,'E-29',0,1823),(41490,NULL,'E-30',0,1823),(41491,NULL,'F-1',0,1824),(41492,NULL,'F-2',0,1824),(41493,NULL,'F-3',0,1824),(41494,NULL,'F-4',0,1824),(41495,NULL,'F-5',0,1824),(41496,NULL,'F-6',0,1824),(41497,NULL,'F-7',0,1824),(41498,NULL,'F-8',0,1824),(41499,NULL,'F-9',0,1824),(41500,NULL,'F-10',0,1824),(41501,NULL,'F-11',0,1824),(41502,NULL,'F-12',0,1824),(41503,NULL,'F-13',0,1824),(41504,NULL,'F-14',0,1824),(41505,NULL,'F-15',0,1824),(41506,NULL,'F-16',0,1824),(41507,NULL,'F-17',0,1824),(41508,NULL,'F-18',0,1824),(41509,NULL,'F-19',0,1824),(41510,NULL,'F-20',0,1824),(41511,NULL,'F-21',0,1824),(41512,NULL,'F-22',0,1824),(41513,NULL,'F-23',0,1824),(41514,NULL,'F-24',0,1824),(41515,NULL,'F-25',0,1824),(41516,NULL,'F-26',0,1824),(41517,NULL,'F-27',0,1824),(41518,NULL,'F-28',0,1824),(41519,NULL,'F-29',0,1824),(41520,NULL,'F-30',0,1824),(41521,NULL,'G-1',0,1825),(41522,NULL,'G-2',0,1825),(41523,NULL,'G-3',0,1825),(41524,NULL,'G-4',0,1825),(41525,NULL,'G-5',0,1825),(41526,NULL,'G-6',0,1825),(41527,NULL,'G-7',0,1825),(41528,NULL,'G-8',0,1825),(41529,NULL,'G-9',0,1825),(41530,NULL,'G-10',0,1825),(41531,NULL,'G-11',0,1825),(41532,NULL,'G-12',0,1825),(41533,NULL,'G-13',0,1825),(41534,NULL,'G-14',0,1825),(41535,NULL,'G-15',0,1825),(41536,NULL,'G-16',0,1825),(41537,NULL,'G-17',0,1825),(41538,NULL,'G-18',0,1825),(41539,NULL,'G-19',0,1825),(41540,NULL,'G-20',0,1825),(41541,NULL,'G-21',0,1825),(41542,NULL,'G-22',0,1825),(41543,NULL,'G-23',0,1825),(41544,NULL,'G-24',0,1825),(41545,NULL,'G-25',0,1825),(41546,NULL,'G-26',0,1825),(41547,NULL,'G-27',0,1825),(41548,NULL,'G-28',0,1825),(41549,NULL,'G-29',0,1825),(41550,NULL,'G-30',0,1825),(41551,NULL,'H-1',0,1826),(41552,NULL,'H-2',0,1826),(41553,NULL,'H-3',0,1826),(41554,NULL,'H-4',0,1826),(41555,NULL,'H-5',0,1826),(41556,NULL,'H-6',0,1826),(41557,NULL,'H-7',0,1826),(41558,NULL,'H-8',0,1826),(41559,NULL,'H-9',0,1826),(41560,NULL,'H-10',0,1826),(41561,NULL,'H-11',0,1826),(41562,NULL,'H-12',0,1826),(41563,NULL,'H-13',0,1826),(41564,NULL,'H-14',0,1826),(41565,NULL,'H-15',0,1826),(41566,NULL,'H-16',0,1826),(41567,NULL,'H-17',0,1826),(41568,NULL,'H-18',0,1826),(41569,NULL,'H-19',0,1826),(41570,NULL,'H-20',0,1826),(41571,NULL,'H-21',0,1826),(41572,NULL,'H-22',0,1826),(41573,NULL,'H-23',0,1826),(41574,NULL,'H-24',0,1826),(41575,NULL,'H-25',0,1826),(41576,NULL,'H-26',0,1826),(41577,NULL,'H-27',0,1826),(41578,NULL,'H-28',0,1826),(41579,NULL,'H-29',0,1826),(41580,NULL,'H-30',0,1826),(41581,NULL,'가-1',0,1827),(41582,NULL,'가-2',0,1827),(41583,NULL,'가-3',0,1827),(41584,NULL,'가-4',0,1827),(41585,NULL,'가-5',0,1827),(41586,NULL,'가-6',0,1827),(41587,NULL,'가-7',0,1827),(41588,NULL,'가-8',0,1827),(41589,NULL,'가-9',0,1827),(41590,NULL,'가-10',0,1827),(41591,'2022-04-08 02:19:14.462000','가-11',0,1827),(41592,NULL,'가-12',0,1827),(41593,NULL,'가-13',0,1827),(41594,NULL,'가-14',0,1827),(41595,NULL,'가-15',0,1827),(41596,NULL,'가-16',0,1827),(41597,NULL,'가-17',0,1827),(41598,NULL,'가-18',0,1827),(41599,NULL,'가-19',0,1827),(41600,NULL,'가-20',0,1827),(41601,NULL,'가-21',0,1827),(41602,NULL,'가-22',0,1827),(41603,NULL,'가-23',0,1827),(41604,NULL,'가-24',0,1827),(41605,NULL,'가-25',0,1827),(41606,NULL,'가-26',0,1827),(41607,NULL,'가-27',0,1827),(41608,NULL,'가-28',0,1827),(41609,NULL,'가-29',0,1827),(41610,NULL,'가-30',0,1827),(41611,NULL,'나-1',0,1828),(41612,NULL,'나-2',0,1828),(41613,NULL,'나-3',0,1828),(41614,NULL,'나-4',0,1828),(41615,NULL,'나-5',0,1828),(41616,NULL,'나-6',0,1828),(41617,NULL,'나-7',0,1828),(41618,NULL,'나-8',0,1828),(41619,NULL,'나-9',0,1828),(41620,NULL,'나-10',0,1828),(41621,NULL,'나-11',0,1828),(41622,NULL,'나-12',0,1828),(41623,NULL,'나-13',0,1828),(41624,NULL,'나-14',0,1828),(41625,NULL,'나-15',0,1828),(41626,NULL,'나-16',0,1828),(41627,NULL,'나-17',0,1828),(41628,NULL,'나-18',0,1828),(41629,NULL,'나-19',0,1828),(41630,NULL,'나-20',0,1828),(41631,NULL,'나-21',0,1828),(41632,NULL,'나-22',0,1828),(41633,NULL,'나-23',0,1828),(41634,NULL,'나-24',0,1828),(41635,NULL,'나-25',0,1828),(41636,NULL,'나-26',0,1828),(41637,NULL,'나-27',0,1828),(41638,NULL,'나-28',0,1828),(41639,NULL,'나-29',0,1828),(41640,NULL,'나-30',0,1828),(41641,NULL,'다-1',0,1829),(41642,NULL,'다-2',0,1829),(41643,NULL,'다-3',0,1829),(41644,NULL,'다-4',0,1829),(41645,NULL,'다-5',0,1829),(41646,NULL,'다-6',0,1829),(41647,NULL,'다-7',0,1829),(41648,NULL,'다-8',0,1829),(41649,NULL,'다-9',0,1829),(41650,NULL,'다-10',0,1829),(41651,'2022-04-08 02:07:22.119000','다-11',1,1829),(41652,NULL,'다-12',0,1829),(41653,NULL,'다-13',0,1829),(41654,NULL,'다-14',0,1829),(41655,NULL,'다-15',0,1829),(41656,NULL,'다-16',0,1829),(41657,NULL,'다-17',0,1829),(41658,NULL,'다-18',0,1829),(41659,NULL,'다-19',0,1829),(41660,NULL,'다-20',0,1829),(41661,NULL,'다-21',0,1829),(41662,NULL,'다-22',0,1829),(41663,NULL,'다-23',0,1829),(41664,NULL,'다-24',0,1829),(41665,NULL,'다-25',0,1829),(41666,NULL,'다-26',0,1829),(41667,NULL,'다-27',0,1829),(41668,NULL,'다-28',0,1829),(41669,NULL,'다-29',0,1829),(41670,NULL,'다-30',0,1829),(41671,NULL,'라-1',0,1830),(41672,NULL,'라-2',0,1830),(41673,NULL,'라-3',0,1830),(41674,NULL,'라-4',0,1830),(41675,NULL,'라-5',0,1830),(41676,NULL,'라-6',0,1830),(41677,NULL,'라-7',0,1830),(41678,NULL,'라-8',0,1830),(41679,NULL,'라-9',0,1830),(41680,NULL,'라-10',0,1830),(41681,NULL,'라-11',0,1830),(41682,NULL,'라-12',0,1830),(41683,NULL,'라-13',0,1830),(41684,NULL,'라-14',0,1830),(41685,NULL,'라-15',0,1830),(41686,NULL,'라-16',0,1830),(41687,NULL,'라-17',0,1830),(41688,NULL,'라-18',0,1830),(41689,NULL,'라-19',0,1830),(41690,NULL,'라-20',0,1830),(41691,NULL,'라-21',0,1830),(41692,NULL,'라-22',0,1830),(41693,NULL,'라-23',0,1830),(41694,NULL,'라-24',0,1830),(41695,NULL,'라-25',0,1830),(41696,NULL,'라-26',0,1830),(41697,NULL,'라-27',0,1830),(41698,NULL,'라-28',0,1830),(41699,NULL,'라-29',0,1830),(41700,NULL,'라-30',0,1830),(41701,NULL,'B1-1',0,1831),(41702,NULL,'B1-2',0,1831),(41703,NULL,'B1-3',0,1831),(41704,NULL,'B1-4',0,1831),(41705,NULL,'B1-5',0,1831),(41706,NULL,'B1-6',0,1831),(41707,NULL,'B1-7',0,1831),(41708,NULL,'B1-8',0,1831),(41709,NULL,'B1-9',0,1831),(41710,NULL,'B1-10',0,1831),(41711,NULL,'B1-11',0,1831),(41712,NULL,'B1-12',0,1831),(41713,NULL,'B1-13',0,1831),(41714,NULL,'B1-14',0,1831),(41715,NULL,'B1-15',0,1831),(41716,NULL,'B1-16',0,1831),(41717,NULL,'B1-17',0,1831),(41718,NULL,'B1-18',0,1831),(41719,NULL,'B1-19',0,1831),(41720,NULL,'B1-20',0,1831),(41721,NULL,'B1-21',0,1831),(41722,NULL,'B1-22',0,1831),(41723,NULL,'B1-23',0,1831),(41724,NULL,'B1-24',0,1831),(41725,NULL,'B1-25',0,1831),(41726,NULL,'B1-26',0,1831),(41727,NULL,'B1-27',0,1831),(41728,NULL,'B1-28',0,1831),(41729,NULL,'B1-29',0,1831),(41730,NULL,'B1-30',0,1831),(41731,NULL,'B2-1',0,1832),(41732,NULL,'B2-2',0,1832),(41733,NULL,'B2-3',0,1832),(41734,NULL,'B2-4',0,1832),(41735,NULL,'B2-5',0,1832),(41736,NULL,'B2-6',0,1832),(41737,NULL,'B2-7',0,1832),(41738,NULL,'B2-8',0,1832),(41739,NULL,'B2-9',0,1832),(41740,NULL,'B2-10',0,1832),(41741,NULL,'B2-11',0,1832),(41742,NULL,'B2-12',0,1832),(41743,NULL,'B2-13',0,1832),(41744,NULL,'B2-14',0,1832),(41745,NULL,'B2-15',0,1832),(41746,NULL,'B2-16',0,1832),(41747,NULL,'B2-17',0,1832),(41748,NULL,'B2-18',0,1832),(41749,NULL,'B2-19',0,1832),(41750,NULL,'B2-20',0,1832),(41751,NULL,'B2-21',0,1832),(41752,NULL,'B2-22',0,1832),(41753,NULL,'B2-23',0,1832),(41754,NULL,'B2-24',0,1832),(41755,NULL,'B2-25',0,1832),(41756,NULL,'B2-26',0,1832),(41757,NULL,'B2-27',0,1832),(41758,NULL,'B2-28',0,1832),(41759,NULL,'B2-29',0,1832),(41760,NULL,'B2-30',0,1832),(41761,NULL,'D1-1',0,1833),(41762,NULL,'D1-2',0,1833),(41763,NULL,'D1-3',0,1833),(41764,NULL,'D1-4',0,1833),(41765,NULL,'D1-5',0,1833),(41766,NULL,'D1-6',0,1833),(41767,NULL,'D1-7',0,1833),(41768,NULL,'D1-8',0,1833),(41769,NULL,'D1-9',0,1833),(41770,NULL,'D1-10',0,1833),(41771,NULL,'D1-11',0,1833),(41772,NULL,'D1-12',0,1833),(41773,NULL,'D1-13',0,1833),(41774,NULL,'D1-14',0,1833),(41775,NULL,'D1-15',0,1833),(41776,NULL,'D1-16',0,1833),(41777,NULL,'D1-17',0,1833),(41778,NULL,'D1-18',0,1833),(41779,NULL,'D1-19',0,1833),(41780,NULL,'D1-20',0,1833),(41781,NULL,'D1-21',0,1833),(41782,NULL,'D1-22',0,1833),(41783,NULL,'D1-23',0,1833),(41784,NULL,'D1-24',0,1833),(41785,NULL,'D1-25',0,1833),(41786,NULL,'D1-26',0,1833),(41787,NULL,'D1-27',0,1833),(41788,NULL,'D1-28',0,1833),(41789,NULL,'D1-29',0,1833),(41790,NULL,'D1-30',0,1833),(41791,NULL,'D2-1',0,1834),(41792,NULL,'D2-2',0,1834),(41793,NULL,'D2-3',0,1834),(41794,NULL,'D2-4',0,1834),(41795,NULL,'D2-5',0,1834),(41796,NULL,'D2-6',0,1834),(41797,NULL,'D2-7',0,1834),(41798,NULL,'D2-8',0,1834),(41799,NULL,'D2-9',0,1834),(41800,NULL,'D2-10',0,1834),(41801,NULL,'D2-11',0,1834),(41802,NULL,'D2-12',0,1834),(41803,NULL,'D2-13',0,1834),(41804,NULL,'D2-14',0,1834),(41805,NULL,'D2-15',0,1834),(41806,NULL,'D2-16',0,1834),(41807,NULL,'D2-17',0,1834),(41808,NULL,'D2-18',0,1834),(41809,NULL,'D2-19',0,1834),(41810,NULL,'D2-20',0,1834),(41811,NULL,'D2-21',0,1834),(41812,NULL,'D2-22',0,1834),(41813,NULL,'D2-23',0,1834),(41814,NULL,'D2-24',0,1834),(41815,NULL,'D2-25',0,1834),(41816,NULL,'D2-26',0,1834),(41817,NULL,'D2-27',0,1834),(41818,NULL,'D2-28',0,1834),(41819,NULL,'D2-29',0,1834),(41820,NULL,'D2-30',0,1834),(41821,NULL,'가-1',0,1835),(41822,NULL,'가-2',0,1835),(41823,NULL,'가-3',0,1835),(41824,NULL,'가-4',0,1835),(41825,NULL,'가-5',0,1835),(41826,NULL,'가-6',0,1835),(41827,NULL,'가-7',0,1835),(41828,NULL,'가-8',0,1835),(41829,NULL,'가-9',0,1835),(41830,NULL,'가-10',0,1835),(41831,NULL,'가-11',0,1835),(41832,NULL,'가-12',0,1835),(41833,NULL,'가-13',0,1835),(41834,NULL,'가-14',0,1835),(41835,NULL,'가-15',0,1835),(41836,NULL,'가-16',0,1835),(41837,NULL,'가-17',0,1835),(41838,NULL,'가-18',0,1835),(41839,NULL,'가-19',0,1835),(41840,NULL,'가-20',0,1835),(41841,NULL,'가-21',0,1835),(41842,NULL,'가-22',0,1835),(41843,NULL,'가-23',0,1835),(41844,NULL,'가-24',0,1835),(41845,NULL,'가-25',0,1835),(41846,NULL,'가-26',0,1835),(41847,NULL,'가-27',0,1835),(41848,NULL,'가-28',0,1835),(41849,NULL,'가-29',0,1835),(41850,NULL,'가-30',0,1835),(41851,NULL,'나-1',0,1836),(41852,NULL,'나-2',0,1836),(41853,NULL,'나-3',0,1836),(41854,NULL,'나-4',0,1836),(41855,NULL,'나-5',0,1836),(41856,NULL,'나-6',0,1836),(41857,NULL,'나-7',0,1836),(41858,NULL,'나-8',0,1836),(41859,NULL,'나-9',0,1836),(41860,NULL,'나-10',0,1836),(41861,NULL,'나-11',0,1836),(41862,NULL,'나-12',0,1836),(41863,NULL,'나-13',0,1836),(41864,NULL,'나-14',0,1836),(41865,NULL,'나-15',0,1836),(41866,NULL,'나-16',0,1836),(41867,NULL,'나-17',0,1836),(41868,NULL,'나-18',0,1836),(41869,NULL,'나-19',0,1836),(41870,NULL,'나-20',0,1836),(41871,NULL,'나-21',0,1836),(41872,NULL,'나-22',0,1836),(41873,NULL,'나-23',0,1836),(41874,NULL,'나-24',0,1836),(41875,NULL,'나-25',0,1836),(41876,NULL,'나-26',0,1836),(41877,NULL,'나-27',0,1836),(41878,NULL,'나-28',0,1836),(41879,NULL,'나-29',0,1836),(41880,NULL,'나-30',0,1836),(41881,NULL,'다-1',0,1837),(41882,NULL,'다-2',0,1837),(41883,NULL,'다-3',0,1837),(41884,NULL,'다-4',0,1837),(41885,NULL,'다-5',0,1837),(41886,NULL,'다-6',0,1837),(41887,NULL,'다-7',0,1837),(41888,NULL,'다-8',0,1837),(41889,NULL,'다-9',0,1837),(41890,NULL,'다-10',0,1837),(41891,NULL,'다-11',0,1837),(41892,NULL,'다-12',0,1837),(41893,NULL,'다-13',0,1837),(41894,NULL,'다-14',0,1837),(41895,NULL,'다-15',0,1837),(41896,NULL,'다-16',0,1837),(41897,NULL,'다-17',0,1837),(41898,NULL,'다-18',0,1837),(41899,NULL,'다-19',0,1837),(41900,NULL,'다-20',0,1837),(41901,NULL,'다-21',0,1837),(41902,NULL,'다-22',0,1837),(41903,NULL,'다-23',0,1837),(41904,NULL,'다-24',0,1837),(41905,NULL,'다-25',0,1837),(41906,NULL,'다-26',0,1837),(41907,NULL,'다-27',0,1837),(41908,NULL,'다-28',0,1837),(41909,NULL,'다-29',0,1837),(41910,NULL,'다-30',0,1837),(41911,NULL,'라-1',0,1838),(41912,NULL,'라-2',0,1838),(41913,NULL,'라-3',0,1838),(41914,NULL,'라-4',0,1838),(41915,NULL,'라-5',0,1838),(41916,NULL,'라-6',0,1838),(41917,NULL,'라-7',0,1838),(41918,NULL,'라-8',0,1838),(41919,NULL,'라-9',0,1838),(41920,NULL,'라-10',0,1838),(41921,NULL,'라-11',0,1838),(41922,NULL,'라-12',0,1838),(41923,NULL,'라-13',0,1838),(41924,NULL,'라-14',0,1838),(41925,NULL,'라-15',0,1838),(41926,NULL,'라-16',0,1838),(41927,NULL,'라-17',0,1838),(41928,NULL,'라-18',0,1838),(41929,NULL,'라-19',0,1838),(41930,NULL,'라-20',0,1838),(41931,NULL,'라-21',0,1838),(41932,NULL,'라-22',0,1838),(41933,NULL,'라-23',0,1838),(41934,NULL,'라-24',0,1838),(41935,NULL,'라-25',0,1838),(41936,NULL,'라-26',0,1838),(41937,NULL,'라-27',0,1838),(41938,NULL,'라-28',0,1838),(41939,NULL,'라-29',0,1838),(41940,NULL,'라-30',0,1838),(41941,NULL,'B1-1',0,1839),(41942,NULL,'B1-2',0,1839),(41943,NULL,'B1-3',0,1839),(41944,NULL,'B1-4',0,1839),(41945,NULL,'B1-5',0,1839),(41946,NULL,'B1-6',0,1839),(41947,NULL,'B1-7',0,1839),(41948,NULL,'B1-8',0,1839),(41949,NULL,'B1-9',0,1839),(41950,NULL,'B1-10',0,1839),(41951,NULL,'B1-11',0,1839),(41952,NULL,'B1-12',0,1839),(41953,NULL,'B1-13',0,1839),(41954,NULL,'B1-14',0,1839),(41955,NULL,'B1-15',0,1839),(41956,NULL,'B1-16',0,1839),(41957,NULL,'B1-17',0,1839),(41958,NULL,'B1-18',0,1839),(41959,NULL,'B1-19',0,1839),(41960,NULL,'B1-20',0,1839),(41961,NULL,'B1-21',0,1839),(41962,NULL,'B1-22',0,1839),(41963,NULL,'B1-23',0,1839),(41964,NULL,'B1-24',0,1839),(41965,NULL,'B1-25',0,1839),(41966,NULL,'B1-26',0,1839),(41967,NULL,'B1-27',0,1839),(41968,NULL,'B1-28',0,1839),(41969,NULL,'B1-29',0,1839),(41970,NULL,'B1-30',0,1839),(41971,NULL,'B2-1',0,1840),(41972,NULL,'B2-2',0,1840),(41973,NULL,'B2-3',0,1840),(41974,NULL,'B2-4',0,1840),(41975,NULL,'B2-5',0,1840),(41976,NULL,'B2-6',0,1840),(41977,NULL,'B2-7',0,1840),(41978,NULL,'B2-8',0,1840),(41979,NULL,'B2-9',0,1840),(41980,NULL,'B2-10',0,1840),(41981,NULL,'B2-11',0,1840),(41982,NULL,'B2-12',0,1840),(41983,NULL,'B2-13',0,1840),(41984,NULL,'B2-14',0,1840),(41985,NULL,'B2-15',0,1840),(41986,NULL,'B2-16',0,1840),(41987,NULL,'B2-17',0,1840),(41988,NULL,'B2-18',0,1840),(41989,NULL,'B2-19',0,1840),(41990,NULL,'B2-20',0,1840),(41991,NULL,'B2-21',0,1840),(41992,NULL,'B2-22',0,1840),(41993,NULL,'B2-23',0,1840),(41994,NULL,'B2-24',0,1840),(41995,NULL,'B2-25',0,1840),(41996,NULL,'B2-26',0,1840),(41997,NULL,'B2-27',0,1840),(41998,NULL,'B2-28',0,1840),(41999,NULL,'B2-29',0,1840),(42000,NULL,'B2-30',0,1840),(42001,NULL,'D1-1',0,1841),(42002,NULL,'D1-2',0,1841),(42003,NULL,'D1-3',0,1841),(42004,NULL,'D1-4',0,1841),(42005,NULL,'D1-5',0,1841),(42006,NULL,'D1-6',0,1841),(42007,NULL,'D1-7',0,1841),(42008,NULL,'D1-8',0,1841),(42009,NULL,'D1-9',0,1841),(42010,NULL,'D1-10',0,1841),(42011,NULL,'D1-11',0,1841),(42012,NULL,'D1-12',0,1841),(42013,NULL,'D1-13',0,1841),(42014,NULL,'D1-14',0,1841),(42015,NULL,'D1-15',0,1841),(42016,NULL,'D1-16',0,1841),(42017,NULL,'D1-17',0,1841),(42018,NULL,'D1-18',0,1841),(42019,NULL,'D1-19',0,1841),(42020,NULL,'D1-20',0,1841),(42021,NULL,'D1-21',0,1841),(42022,NULL,'D1-22',0,1841),(42023,NULL,'D1-23',0,1841),(42024,NULL,'D1-24',0,1841),(42025,NULL,'D1-25',0,1841),(42026,NULL,'D1-26',0,1841),(42027,NULL,'D1-27',0,1841),(42028,NULL,'D1-28',0,1841),(42029,NULL,'D1-29',0,1841),(42030,NULL,'D1-30',0,1841),(42031,NULL,'D2-1',0,1842),(42032,NULL,'D2-2',0,1842),(42033,NULL,'D2-3',0,1842),(42034,NULL,'D2-4',0,1842),(42035,NULL,'D2-5',0,1842),(42036,NULL,'D2-6',0,1842),(42037,NULL,'D2-7',0,1842),(42038,NULL,'D2-8',0,1842),(42039,NULL,'D2-9',0,1842),(42040,NULL,'D2-10',0,1842),(42041,NULL,'D2-11',0,1842),(42042,NULL,'D2-12',0,1842),(42043,NULL,'D2-13',0,1842),(42044,NULL,'D2-14',0,1842),(42045,NULL,'D2-15',0,1842),(42046,NULL,'D2-16',0,1842),(42047,NULL,'D2-17',0,1842),(42048,NULL,'D2-18',0,1842),(42049,NULL,'D2-19',0,1842),(42050,NULL,'D2-20',0,1842),(42051,NULL,'D2-21',0,1842),(42052,NULL,'D2-22',0,1842),(42053,NULL,'D2-23',0,1842),(42054,NULL,'D2-24',0,1842),(42055,NULL,'D2-25',0,1842),(42056,NULL,'D2-26',0,1842),(42057,NULL,'D2-27',0,1842),(42058,NULL,'D2-28',0,1842),(42059,NULL,'D2-29',0,1842),(42060,NULL,'D2-30',0,1842),(42061,NULL,'A-1',0,1843),(42062,NULL,'A-2',0,1843),(42063,'2022-04-08 02:18:18.668000','A-3',0,1843),(42064,NULL,'A-4',0,1843),(42065,NULL,'A-5',0,1843),(42066,NULL,'A-6',0,1843),(42067,NULL,'A-7',0,1843),(42068,NULL,'A-8',0,1843),(42069,NULL,'A-9',0,1843),(42070,NULL,'A-10',0,1843),(42071,NULL,'A-11',0,1843),(42072,NULL,'A-12',0,1843),(42073,NULL,'A-13',0,1843),(42074,NULL,'A-14',0,1843),(42075,NULL,'A-15',0,1843),(42076,NULL,'A-16',0,1843),(42077,NULL,'A-17',0,1843),(42078,NULL,'A-18',0,1843),(42079,NULL,'A-19',0,1843),(42080,NULL,'A-20',0,1843),(42081,NULL,'A-21',0,1843),(42082,NULL,'A-22',0,1843),(42083,NULL,'A-23',0,1843),(42084,NULL,'A-24',0,1843),(42085,NULL,'A-25',0,1843),(42086,NULL,'A-26',0,1843),(42087,NULL,'A-27',0,1843),(42088,NULL,'A-28',0,1843),(42089,NULL,'A-29',0,1843),(42090,NULL,'A-30',0,1843),(42091,NULL,'B-1',0,1844),(42092,NULL,'B-2',0,1844),(42093,'2022-04-08 02:14:22.294000','B-3',1,1844),(42094,NULL,'B-4',0,1844),(42095,NULL,'B-5',0,1844),(42096,NULL,'B-6',0,1844),(42097,NULL,'B-7',0,1844),(42098,NULL,'B-8',0,1844),(42099,NULL,'B-9',0,1844),(42100,NULL,'B-10',0,1844),(42101,NULL,'B-11',0,1844),(42102,NULL,'B-12',0,1844),(42103,NULL,'B-13',0,1844),(42104,NULL,'B-14',0,1844),(42105,NULL,'B-15',0,1844),(42106,NULL,'B-16',0,1844),(42107,NULL,'B-17',0,1844),(42108,NULL,'B-18',0,1844),(42109,NULL,'B-19',0,1844),(42110,NULL,'B-20',0,1844),(42111,NULL,'B-21',0,1844),(42112,NULL,'B-22',0,1844),(42113,NULL,'B-23',0,1844),(42114,NULL,'B-24',0,1844),(42115,NULL,'B-25',0,1844),(42116,NULL,'B-26',0,1844),(42117,NULL,'B-27',0,1844),(42118,NULL,'B-28',0,1844),(42119,NULL,'B-29',0,1844),(42120,NULL,'B-30',0,1844),(42121,'2022-04-08 02:32:20.390000','가-1',1,1845),(42122,NULL,'가-2',0,1845),(42123,NULL,'가-3',0,1845),(42124,NULL,'가-4',0,1845),(42125,NULL,'가-5',0,1845),(42126,NULL,'가-6',0,1845),(42127,NULL,'가-7',0,1845),(42128,NULL,'가-8',0,1845),(42129,NULL,'가-9',0,1845),(42130,NULL,'가-10',0,1845),(42131,NULL,'가-11',0,1845),(42132,NULL,'가-12',0,1845),(42133,NULL,'가-13',0,1845),(42134,NULL,'가-14',0,1845),(42135,NULL,'가-15',0,1845),(42136,NULL,'가-16',0,1845),(42137,NULL,'가-17',0,1845),(42138,NULL,'가-18',0,1845),(42139,NULL,'가-19',0,1845),(42140,NULL,'가-20',0,1845),(42141,NULL,'가-21',0,1845),(42142,NULL,'가-22',0,1845),(42143,NULL,'가-23',0,1845),(42144,NULL,'가-24',0,1845),(42145,NULL,'가-25',0,1845),(42146,NULL,'가-26',0,1845),(42147,NULL,'가-27',0,1845),(42148,NULL,'가-28',0,1845),(42149,NULL,'가-29',0,1845),(42150,NULL,'가-30',0,1845),(42151,NULL,'나-1',0,1846),(42152,NULL,'나-2',0,1846),(42153,NULL,'나-3',0,1846),(42154,NULL,'나-4',0,1846),(42155,NULL,'나-5',0,1846),(42156,NULL,'나-6',0,1846),(42157,NULL,'나-7',0,1846),(42158,NULL,'나-8',0,1846),(42159,NULL,'나-9',0,1846),(42160,NULL,'나-10',0,1846),(42161,NULL,'나-11',0,1846),(42162,NULL,'나-12',0,1846),(42163,NULL,'나-13',0,1846),(42164,NULL,'나-14',0,1846),(42165,NULL,'나-15',0,1846),(42166,NULL,'나-16',0,1846),(42167,NULL,'나-17',0,1846),(42168,NULL,'나-18',0,1846),(42169,NULL,'나-19',0,1846),(42170,NULL,'나-20',0,1846),(42171,NULL,'나-21',0,1846),(42172,NULL,'나-22',0,1846),(42173,NULL,'나-23',0,1846),(42174,NULL,'나-24',0,1846),(42175,NULL,'나-25',0,1846),(42176,NULL,'나-26',0,1846),(42177,NULL,'나-27',0,1846),(42178,NULL,'나-28',0,1846),(42179,NULL,'나-29',0,1846),(42180,NULL,'나-30',0,1846),(42181,NULL,'나-1',0,1847),(42182,NULL,'나-2',0,1847),(42183,NULL,'나-3',0,1847),(42184,NULL,'나-4',0,1847),(42185,NULL,'나-5',0,1847),(42186,NULL,'나-6',0,1847),(42187,NULL,'나-7',0,1847),(42188,NULL,'나-8',0,1847),(42189,NULL,'나-9',0,1847),(42190,NULL,'나-10',0,1847),(42191,NULL,'나-11',0,1847),(42192,NULL,'나-12',0,1847),(42193,NULL,'나-13',0,1847),(42194,NULL,'나-14',0,1847),(42195,NULL,'나-15',0,1847),(42196,NULL,'나-16',0,1847),(42197,NULL,'나-17',0,1847),(42198,NULL,'나-18',0,1847),(42199,NULL,'나-19',0,1847),(42200,NULL,'나-20',0,1847),(42201,NULL,'나-21',0,1847),(42202,NULL,'나-22',0,1847),(42203,NULL,'나-23',0,1847),(42204,NULL,'나-24',0,1847),(42205,NULL,'나-25',0,1847),(42206,NULL,'나-26',0,1847),(42207,NULL,'나-27',0,1847),(42208,NULL,'나-28',0,1847),(42209,NULL,'나-29',0,1847),(42210,NULL,'나-30',0,1847),(42211,NULL,'나-1',0,1848),(42212,NULL,'나-2',0,1848),(42213,NULL,'나-3',0,1848),(42214,NULL,'나-4',0,1848),(42215,NULL,'나-5',0,1848),(42216,NULL,'나-6',0,1848),(42217,NULL,'나-7',0,1848),(42218,NULL,'나-8',0,1848),(42219,NULL,'나-9',0,1848),(42220,NULL,'나-10',0,1848),(42221,NULL,'나-11',0,1848),(42222,NULL,'나-12',0,1848),(42223,NULL,'나-13',0,1848),(42224,NULL,'나-14',0,1848),(42225,NULL,'나-15',0,1848),(42226,NULL,'나-16',0,1848),(42227,NULL,'나-17',0,1848),(42228,NULL,'나-18',0,1848),(42229,NULL,'나-19',0,1848),(42230,NULL,'나-20',0,1848),(42231,NULL,'나-21',0,1848),(42232,NULL,'나-22',0,1848),(42233,NULL,'나-23',0,1848),(42234,NULL,'나-24',0,1848),(42235,NULL,'나-25',0,1848),(42236,NULL,'나-26',0,1848),(42237,NULL,'나-27',0,1848),(42238,NULL,'나-28',0,1848),(42239,NULL,'나-29',0,1848),(42240,NULL,'나-30',0,1848),(42241,NULL,'나-1',0,1849),(42242,NULL,'나-2',0,1849),(42243,NULL,'나-3',0,1849),(42244,NULL,'나-4',0,1849),(42245,NULL,'나-5',0,1849),(42246,NULL,'나-6',0,1849),(42247,NULL,'나-7',0,1849),(42248,NULL,'나-8',0,1849),(42249,NULL,'나-9',0,1849),(42250,NULL,'나-10',0,1849),(42251,NULL,'나-11',0,1849),(42252,NULL,'나-12',0,1849),(42253,NULL,'나-13',0,1849),(42254,NULL,'나-14',0,1849),(42255,NULL,'나-15',0,1849),(42256,NULL,'나-16',0,1849),(42257,NULL,'나-17',0,1849),(42258,NULL,'나-18',0,1849),(42259,NULL,'나-19',0,1849),(42260,NULL,'나-20',0,1849),(42261,NULL,'나-21',0,1849),(42262,NULL,'나-22',0,1849),(42263,NULL,'나-23',0,1849),(42264,NULL,'나-24',0,1849),(42265,NULL,'나-25',0,1849),(42266,NULL,'나-26',0,1849),(42267,NULL,'나-27',0,1849),(42268,NULL,'나-28',0,1849),(42269,NULL,'나-29',0,1849),(42270,NULL,'나-30',0,1849),(42271,NULL,'나-1',0,1850),(42272,NULL,'나-2',0,1850),(42273,NULL,'나-3',0,1850),(42274,NULL,'나-4',0,1850),(42275,NULL,'나-5',0,1850),(42276,NULL,'나-6',0,1850),(42277,NULL,'나-7',0,1850),(42278,NULL,'나-8',0,1850),(42279,NULL,'나-9',0,1850),(42280,NULL,'나-10',0,1850),(42281,NULL,'나-11',0,1850),(42282,NULL,'나-12',0,1850),(42283,NULL,'나-13',0,1850),(42284,NULL,'나-14',0,1850),(42285,NULL,'나-15',0,1850),(42286,NULL,'나-16',0,1850),(42287,NULL,'나-17',0,1850),(42288,NULL,'나-18',0,1850),(42289,NULL,'나-19',0,1850),(42290,NULL,'나-20',0,1850),(42291,NULL,'나-21',0,1850),(42292,NULL,'나-22',0,1850),(42293,NULL,'나-23',0,1850),(42294,NULL,'나-24',0,1850),(42295,NULL,'나-25',0,1850),(42296,NULL,'나-26',0,1850),(42297,NULL,'나-27',0,1850),(42298,NULL,'나-28',0,1850),(42299,NULL,'나-29',0,1850),(42300,NULL,'나-30',0,1850),(42301,NULL,'나-1',0,1851),(42302,NULL,'나-2',0,1851),(42303,NULL,'나-3',0,1851),(42304,NULL,'나-4',0,1851),(42305,NULL,'나-5',0,1851),(42306,NULL,'나-6',0,1851),(42307,NULL,'나-7',0,1851),(42308,NULL,'나-8',0,1851),(42309,NULL,'나-9',0,1851),(42310,NULL,'나-10',0,1851),(42311,NULL,'나-11',0,1851),(42312,NULL,'나-12',0,1851),(42313,NULL,'나-13',0,1851),(42314,NULL,'나-14',0,1851),(42315,NULL,'나-15',0,1851),(42316,NULL,'나-16',0,1851),(42317,NULL,'나-17',0,1851),(42318,NULL,'나-18',0,1851),(42319,NULL,'나-19',0,1851),(42320,NULL,'나-20',0,1851),(42321,NULL,'나-21',0,1851),(42322,NULL,'나-22',0,1851),(42323,NULL,'나-23',0,1851),(42324,NULL,'나-24',0,1851),(42325,NULL,'나-25',0,1851),(42326,NULL,'나-26',0,1851),(42327,NULL,'나-27',0,1851),(42328,NULL,'나-28',0,1851),(42329,NULL,'나-29',0,1851),(42330,NULL,'나-30',0,1851),(42331,NULL,'나-1',0,1852),(42332,NULL,'나-2',0,1852),(42333,NULL,'나-3',0,1852),(42334,NULL,'나-4',0,1852),(42335,NULL,'나-5',0,1852),(42336,NULL,'나-6',0,1852),(42337,NULL,'나-7',0,1852),(42338,NULL,'나-8',0,1852),(42339,NULL,'나-9',0,1852),(42340,NULL,'나-10',0,1852),(42341,NULL,'나-11',0,1852),(42342,NULL,'나-12',0,1852),(42343,NULL,'나-13',0,1852),(42344,NULL,'나-14',0,1852),(42345,NULL,'나-15',0,1852),(42346,NULL,'나-16',0,1852),(42347,NULL,'나-17',0,1852),(42348,NULL,'나-18',0,1852),(42349,NULL,'나-19',0,1852),(42350,NULL,'나-20',0,1852),(42351,NULL,'나-21',0,1852),(42352,NULL,'나-22',0,1852),(42353,NULL,'나-23',0,1852),(42354,NULL,'나-24',0,1852),(42355,NULL,'나-25',0,1852),(42356,NULL,'나-26',0,1852),(42357,NULL,'나-27',0,1852),(42358,NULL,'나-28',0,1852),(42359,NULL,'나-29',0,1852),(42360,NULL,'나-30',0,1852),(42361,NULL,'나-1',0,1853),(42362,NULL,'나-2',0,1853),(42363,NULL,'나-3',0,1853),(42364,NULL,'나-4',0,1853),(42365,NULL,'나-5',0,1853),(42366,NULL,'나-6',0,1853),(42367,NULL,'나-7',0,1853),(42368,NULL,'나-8',0,1853),(42369,NULL,'나-9',0,1853),(42370,NULL,'나-10',0,1853),(42371,NULL,'나-11',0,1853),(42372,NULL,'나-12',0,1853),(42373,NULL,'나-13',0,1853),(42374,NULL,'나-14',0,1853),(42375,NULL,'나-15',0,1853),(42376,NULL,'나-16',0,1853),(42377,NULL,'나-17',0,1853),(42378,NULL,'나-18',0,1853),(42379,NULL,'나-19',0,1853),(42380,NULL,'나-20',0,1853),(42381,NULL,'나-21',0,1853),(42382,NULL,'나-22',0,1853),(42383,NULL,'나-23',0,1853),(42384,NULL,'나-24',0,1853),(42385,NULL,'나-25',0,1853),(42386,NULL,'나-26',0,1853),(42387,NULL,'나-27',0,1853),(42388,NULL,'나-28',0,1853),(42389,NULL,'나-29',0,1853),(42390,NULL,'나-30',0,1853),(42391,NULL,'나-1',0,1854),(42392,NULL,'나-2',0,1854),(42393,NULL,'나-3',0,1854),(42394,NULL,'나-4',0,1854),(42395,NULL,'나-5',0,1854),(42396,NULL,'나-6',0,1854),(42397,NULL,'나-7',0,1854),(42398,NULL,'나-8',0,1854),(42399,NULL,'나-9',0,1854),(42400,NULL,'나-10',0,1854),(42401,NULL,'나-11',0,1854),(42402,NULL,'나-12',0,1854),(42403,NULL,'나-13',0,1854),(42404,NULL,'나-14',0,1854),(42405,NULL,'나-15',0,1854),(42406,NULL,'나-16',0,1854),(42407,NULL,'나-17',0,1854),(42408,NULL,'나-18',0,1854),(42409,NULL,'나-19',0,1854),(42410,NULL,'나-20',0,1854),(42411,NULL,'나-21',0,1854),(42412,NULL,'나-22',0,1854),(42413,NULL,'나-23',0,1854),(42414,NULL,'나-24',0,1854),(42415,NULL,'나-25',0,1854),(42416,NULL,'나-26',0,1854),(42417,NULL,'나-27',0,1854),(42418,NULL,'나-28',0,1854),(42419,NULL,'나-29',0,1854),(42420,NULL,'나-30',0,1854),(43321,NULL,'A-1',0,1885),(43322,'2022-04-08 02:32:26.329000','A-2',1,1885),(43323,NULL,'A-3',0,1885),(43324,NULL,'A-4',0,1885),(43325,NULL,'A-5',0,1885),(43326,NULL,'A-6',0,1885),(43327,NULL,'A-7',0,1885),(43328,NULL,'A-8',0,1885),(43329,NULL,'A-9',0,1885),(43330,NULL,'A-10',0,1885),(43331,NULL,'A-11',0,1885),(43332,NULL,'A-12',0,1885),(43333,'2022-04-08 02:35:34.939000','A-13',1,1885),(43334,NULL,'A-14',0,1885),(43335,NULL,'A-15',0,1885),(43336,NULL,'A-16',0,1885),(43337,NULL,'A-17',0,1885),(43338,NULL,'A-18',0,1885),(43339,NULL,'A-19',0,1885),(43340,'2022-04-08 02:34:46.639000','A-20',1,1885),(43341,NULL,'A-21',0,1885),(43342,NULL,'A-22',0,1885),(43343,NULL,'A-23',0,1885),(43344,NULL,'A-24',0,1885),(43345,NULL,'A-25',0,1885),(43346,NULL,'A-26',0,1885),(43347,NULL,'A-27',0,1885),(43348,NULL,'A-28',0,1885),(43349,NULL,'A-29',0,1885),(43350,NULL,'A-30',0,1885),(43351,NULL,'B-1',0,1886),(43352,'2022-04-08 02:33:42.687000','B-2',1,1886),(43353,NULL,'B-3',0,1886),(43354,NULL,'B-4',0,1886),(43355,NULL,'B-5',0,1886),(43356,NULL,'B-6',0,1886),(43357,NULL,'B-7',0,1886),(43358,NULL,'B-8',0,1886),(43359,NULL,'B-9',0,1886),(43360,NULL,'B-10',0,1886),(43361,NULL,'B-11',0,1886),(43362,NULL,'B-12',0,1886),(43363,NULL,'B-13',0,1886),(43364,NULL,'B-14',0,1886),(43365,NULL,'B-15',0,1886),(43366,NULL,'B-16',0,1886),(43367,NULL,'B-17',0,1886),(43368,NULL,'B-18',0,1886),(43369,NULL,'B-19',0,1886),(43370,NULL,'B-20',0,1886),(43371,NULL,'B-21',0,1886),(43372,NULL,'B-22',0,1886),(43373,NULL,'B-23',0,1886),(43374,NULL,'B-24',0,1886),(43375,NULL,'B-25',0,1886),(43376,NULL,'B-26',0,1886),(43377,NULL,'B-27',0,1886),(43378,NULL,'B-28',0,1886),(43379,NULL,'B-29',0,1886),(43380,NULL,'B-30',0,1886),(43381,NULL,'C-1',0,1887),(43382,NULL,'C-2',0,1887),(43383,NULL,'C-3',0,1887),(43384,NULL,'C-4',0,1887),(43385,NULL,'C-5',0,1887),(43386,NULL,'C-6',0,1887),(43387,NULL,'C-7',0,1887),(43388,NULL,'C-8',0,1887),(43389,NULL,'C-9',0,1887),(43390,NULL,'C-10',0,1887),(43391,NULL,'C-11',0,1887),(43392,NULL,'C-12',0,1887),(43393,NULL,'C-13',0,1887),(43394,NULL,'C-14',0,1887),(43395,NULL,'C-15',0,1887),(43396,NULL,'C-16',0,1887),(43397,NULL,'C-17',0,1887),(43398,NULL,'C-18',0,1887),(43399,NULL,'C-19',0,1887),(43400,NULL,'C-20',0,1887),(43401,NULL,'C-21',0,1887),(43402,NULL,'C-22',0,1887),(43403,NULL,'C-23',0,1887),(43404,NULL,'C-24',0,1887),(43405,NULL,'C-25',0,1887),(43406,NULL,'C-26',0,1887),(43407,NULL,'C-27',0,1887),(43408,NULL,'C-28',0,1887),(43409,NULL,'C-29',0,1887),(43410,NULL,'C-30',0,1887),(43411,NULL,'D-1',0,1888),(43412,NULL,'D-2',0,1888),(43413,NULL,'D-3',0,1888),(43414,NULL,'D-4',0,1888),(43415,NULL,'D-5',0,1888),(43416,NULL,'D-6',0,1888),(43417,NULL,'D-7',0,1888),(43418,NULL,'D-8',0,1888),(43419,NULL,'D-9',0,1888),(43420,NULL,'D-10',0,1888),(43421,NULL,'D-11',0,1888),(43422,NULL,'D-12',0,1888),(43423,NULL,'D-13',0,1888),(43424,NULL,'D-14',0,1888),(43425,NULL,'D-15',0,1888),(43426,NULL,'D-16',0,1888),(43427,NULL,'D-17',0,1888),(43428,NULL,'D-18',0,1888),(43429,NULL,'D-19',0,1888),(43430,NULL,'D-20',0,1888),(43431,NULL,'D-21',0,1888),(43432,NULL,'D-22',0,1888),(43433,NULL,'D-23',0,1888),(43434,NULL,'D-24',0,1888),(43435,NULL,'D-25',0,1888),(43436,NULL,'D-26',0,1888),(43437,NULL,'D-27',0,1888),(43438,NULL,'D-28',0,1888),(43439,NULL,'D-29',0,1888),(43440,NULL,'D-30',0,1888),(43441,NULL,'E-1',0,1889),(43442,NULL,'E-2',0,1889),(43443,NULL,'E-3',0,1889),(43444,NULL,'E-4',0,1889),(43445,NULL,'E-5',0,1889),(43446,NULL,'E-6',0,1889),(43447,NULL,'E-7',0,1889),(43448,NULL,'E-8',0,1889),(43449,NULL,'E-9',0,1889),(43450,NULL,'E-10',0,1889),(43451,NULL,'E-11',0,1889),(43452,NULL,'E-12',0,1889),(43453,NULL,'E-13',0,1889),(43454,NULL,'E-14',0,1889),(43455,NULL,'E-15',0,1889),(43456,NULL,'E-16',0,1889),(43457,NULL,'E-17',0,1889),(43458,NULL,'E-18',0,1889),(43459,NULL,'E-19',0,1889),(43460,NULL,'E-20',0,1889),(43461,NULL,'E-21',0,1889),(43462,NULL,'E-22',0,1889),(43463,NULL,'E-23',0,1889),(43464,NULL,'E-24',0,1889),(43465,NULL,'E-25',0,1889),(43466,NULL,'E-26',0,1889),(43467,NULL,'E-27',0,1889),(43468,NULL,'E-28',0,1889),(43469,NULL,'E-29',0,1889),(43470,NULL,'E-30',0,1889),(43471,NULL,'A-1',0,1890),(43472,NULL,'A-2',0,1890),(43473,NULL,'A-3',0,1890),(43474,NULL,'A-4',0,1890),(43475,NULL,'A-5',0,1890),(43476,NULL,'A-6',0,1890),(43477,NULL,'A-7',0,1890),(43478,NULL,'A-8',0,1890),(43479,NULL,'A-9',0,1890),(43480,NULL,'A-10',0,1890),(43481,NULL,'A-11',0,1890),(43482,NULL,'A-12',0,1890),(43483,NULL,'A-13',0,1890),(43484,NULL,'A-14',0,1890),(43485,NULL,'A-15',0,1890),(43486,NULL,'A-16',0,1890),(43487,NULL,'A-17',0,1890),(43488,NULL,'A-18',0,1890),(43489,NULL,'A-19',0,1890),(43490,NULL,'A-20',0,1890),(43491,NULL,'A-21',0,1890),(43492,NULL,'A-22',0,1890),(43493,NULL,'A-23',0,1890),(43494,NULL,'A-24',0,1890),(43495,NULL,'A-25',0,1890),(43496,NULL,'A-26',0,1890),(43497,NULL,'A-27',0,1890),(43498,NULL,'A-28',0,1890),(43499,NULL,'A-29',0,1890),(43500,NULL,'A-30',0,1890),(43501,NULL,'B-1',0,1891),(43502,NULL,'B-2',0,1891),(43503,NULL,'B-3',0,1891),(43504,NULL,'B-4',0,1891),(43505,NULL,'B-5',0,1891),(43506,NULL,'B-6',0,1891),(43507,NULL,'B-7',0,1891),(43508,NULL,'B-8',0,1891),(43509,NULL,'B-9',0,1891),(43510,NULL,'B-10',0,1891),(43511,NULL,'B-11',0,1891),(43512,NULL,'B-12',0,1891),(43513,NULL,'B-13',0,1891),(43514,NULL,'B-14',0,1891),(43515,NULL,'B-15',0,1891),(43516,NULL,'B-16',0,1891),(43517,NULL,'B-17',0,1891),(43518,NULL,'B-18',0,1891),(43519,NULL,'B-19',0,1891),(43520,NULL,'B-20',0,1891),(43521,NULL,'B-21',0,1891),(43522,NULL,'B-22',0,1891),(43523,NULL,'B-23',0,1891),(43524,NULL,'B-24',0,1891),(43525,NULL,'B-25',0,1891),(43526,NULL,'B-26',0,1891),(43527,NULL,'B-27',0,1891),(43528,NULL,'B-28',0,1891),(43529,NULL,'B-29',0,1891),(43530,NULL,'B-30',0,1891),(43531,NULL,'C-1',0,1892),(43532,NULL,'C-2',0,1892),(43533,NULL,'C-3',0,1892),(43534,NULL,'C-4',0,1892),(43535,NULL,'C-5',0,1892),(43536,NULL,'C-6',0,1892),(43537,NULL,'C-7',0,1892),(43538,NULL,'C-8',0,1892),(43539,NULL,'C-9',0,1892),(43540,NULL,'C-10',0,1892),(43541,NULL,'C-11',0,1892),(43542,NULL,'C-12',0,1892),(43543,NULL,'C-13',0,1892),(43544,NULL,'C-14',0,1892),(43545,NULL,'C-15',0,1892),(43546,NULL,'C-16',0,1892),(43547,NULL,'C-17',0,1892),(43548,NULL,'C-18',0,1892),(43549,NULL,'C-19',0,1892),(43550,NULL,'C-20',0,1892),(43551,NULL,'C-21',0,1892),(43552,NULL,'C-22',0,1892),(43553,NULL,'C-23',0,1892),(43554,NULL,'C-24',0,1892),(43555,NULL,'C-25',0,1892),(43556,NULL,'C-26',0,1892),(43557,NULL,'C-27',0,1892),(43558,NULL,'C-28',0,1892),(43559,NULL,'C-29',0,1892),(43560,NULL,'C-30',0,1892),(43561,NULL,'D-1',0,1893),(43562,NULL,'D-2',0,1893),(43563,NULL,'D-3',0,1893),(43564,NULL,'D-4',0,1893),(43565,NULL,'D-5',0,1893),(43566,NULL,'D-6',0,1893),(43567,NULL,'D-7',0,1893),(43568,NULL,'D-8',0,1893),(43569,NULL,'D-9',0,1893),(43570,NULL,'D-10',0,1893),(43571,NULL,'D-11',0,1893),(43572,NULL,'D-12',0,1893),(43573,NULL,'D-13',0,1893),(43574,NULL,'D-14',0,1893),(43575,NULL,'D-15',0,1893),(43576,NULL,'D-16',0,1893),(43577,NULL,'D-17',0,1893),(43578,NULL,'D-18',0,1893),(43579,NULL,'D-19',0,1893),(43580,NULL,'D-20',0,1893),(43581,NULL,'D-21',0,1893),(43582,NULL,'D-22',0,1893),(43583,NULL,'D-23',0,1893),(43584,NULL,'D-24',0,1893),(43585,NULL,'D-25',0,1893),(43586,NULL,'D-26',0,1893),(43587,NULL,'D-27',0,1893),(43588,NULL,'D-28',0,1893),(43589,NULL,'D-29',0,1893),(43590,NULL,'D-30',0,1893),(43591,NULL,'E-1',0,1894),(43592,NULL,'E-2',0,1894),(43593,NULL,'E-3',0,1894),(43594,NULL,'E-4',0,1894),(43595,NULL,'E-5',0,1894),(43596,NULL,'E-6',0,1894),(43597,NULL,'E-7',0,1894),(43598,NULL,'E-8',0,1894),(43599,NULL,'E-9',0,1894),(43600,NULL,'E-10',0,1894),(43601,NULL,'E-11',0,1894),(43602,NULL,'E-12',0,1894),(43603,NULL,'E-13',0,1894),(43604,NULL,'E-14',0,1894),(43605,NULL,'E-15',0,1894),(43606,NULL,'E-16',0,1894),(43607,NULL,'E-17',0,1894),(43608,NULL,'E-18',0,1894),(43609,NULL,'E-19',0,1894),(43610,NULL,'E-20',0,1894),(43611,NULL,'E-21',0,1894),(43612,NULL,'E-22',0,1894),(43613,NULL,'E-23',0,1894),(43614,NULL,'E-24',0,1894),(43615,NULL,'E-25',0,1894),(43616,NULL,'E-26',0,1894),(43617,NULL,'E-27',0,1894),(43618,NULL,'E-28',0,1894),(43619,NULL,'E-29',0,1894),(43620,NULL,'E-30',0,1894),(43621,NULL,'A-1',0,1895),(43622,NULL,'A-2',0,1895),(43623,NULL,'A-3',0,1895),(43624,NULL,'A-4',0,1895),(43625,NULL,'A-5',0,1895),(43626,NULL,'A-6',0,1895),(43627,NULL,'A-7',0,1895),(43628,NULL,'A-8',0,1895),(43629,NULL,'A-9',0,1895),(43630,NULL,'A-10',0,1895),(43631,NULL,'A-11',0,1895),(43632,NULL,'A-12',0,1895),(43633,NULL,'A-13',0,1895),(43634,NULL,'A-14',0,1895),(43635,NULL,'A-15',0,1895),(43636,NULL,'A-16',0,1895),(43637,NULL,'A-17',0,1895),(43638,NULL,'A-18',0,1895),(43639,NULL,'A-19',0,1895),(43640,NULL,'A-20',0,1895),(43641,NULL,'A-21',0,1895),(43642,NULL,'A-22',0,1895),(43643,NULL,'A-23',0,1895),(43644,NULL,'A-24',0,1895),(43645,NULL,'A-25',0,1895),(43646,NULL,'A-26',0,1895),(43647,NULL,'A-27',0,1895),(43648,NULL,'A-28',0,1895),(43649,NULL,'A-29',0,1895),(43650,NULL,'A-30',0,1895),(43651,NULL,'B-1',0,1896),(43652,NULL,'B-2',0,1896),(43653,NULL,'B-3',0,1896),(43654,NULL,'B-4',0,1896),(43655,NULL,'B-5',0,1896),(43656,NULL,'B-6',0,1896),(43657,NULL,'B-7',0,1896),(43658,NULL,'B-8',0,1896),(43659,NULL,'B-9',0,1896),(43660,NULL,'B-10',0,1896),(43661,NULL,'B-11',0,1896),(43662,NULL,'B-12',0,1896),(43663,NULL,'B-13',0,1896),(43664,NULL,'B-14',0,1896),(43665,NULL,'B-15',0,1896),(43666,NULL,'B-16',0,1896),(43667,NULL,'B-17',0,1896),(43668,NULL,'B-18',0,1896),(43669,NULL,'B-19',0,1896),(43670,NULL,'B-20',0,1896),(43671,NULL,'B-21',0,1896),(43672,NULL,'B-22',0,1896),(43673,NULL,'B-23',0,1896),(43674,NULL,'B-24',0,1896),(43675,NULL,'B-25',0,1896),(43676,NULL,'B-26',0,1896),(43677,NULL,'B-27',0,1896),(43678,NULL,'B-28',0,1896),(43679,NULL,'B-29',0,1896),(43680,NULL,'B-30',0,1896),(43681,NULL,'C-1',0,1897),(43682,NULL,'C-2',0,1897),(43683,NULL,'C-3',0,1897),(43684,NULL,'C-4',0,1897),(43685,NULL,'C-5',0,1897),(43686,NULL,'C-6',0,1897),(43687,NULL,'C-7',0,1897),(43688,NULL,'C-8',0,1897),(43689,NULL,'C-9',0,1897),(43690,NULL,'C-10',0,1897),(43691,NULL,'C-11',0,1897),(43692,NULL,'C-12',0,1897),(43693,NULL,'C-13',0,1897),(43694,NULL,'C-14',0,1897),(43695,NULL,'C-15',0,1897),(43696,NULL,'C-16',0,1897),(43697,NULL,'C-17',0,1897),(43698,NULL,'C-18',0,1897),(43699,NULL,'C-19',0,1897),(43700,NULL,'C-20',0,1897),(43701,NULL,'C-21',0,1897),(43702,NULL,'C-22',0,1897),(43703,NULL,'C-23',0,1897),(43704,NULL,'C-24',0,1897),(43705,NULL,'C-25',0,1897),(43706,NULL,'C-26',0,1897),(43707,NULL,'C-27',0,1897),(43708,NULL,'C-28',0,1897),(43709,NULL,'C-29',0,1897),(43710,NULL,'C-30',0,1897),(43711,NULL,'D-1',0,1898),(43712,NULL,'D-2',0,1898),(43713,NULL,'D-3',0,1898),(43714,NULL,'D-4',0,1898),(43715,NULL,'D-5',0,1898),(43716,NULL,'D-6',0,1898),(43717,NULL,'D-7',0,1898),(43718,NULL,'D-8',0,1898),(43719,NULL,'D-9',0,1898),(43720,NULL,'D-10',0,1898),(43721,NULL,'D-11',0,1898),(43722,NULL,'D-12',0,1898),(43723,NULL,'D-13',0,1898),(43724,NULL,'D-14',0,1898),(43725,NULL,'D-15',0,1898),(43726,NULL,'D-16',0,1898),(43727,NULL,'D-17',0,1898),(43728,NULL,'D-18',0,1898),(43729,NULL,'D-19',0,1898),(43730,NULL,'D-20',0,1898),(43731,NULL,'D-21',0,1898),(43732,NULL,'D-22',0,1898),(43733,NULL,'D-23',0,1898),(43734,NULL,'D-24',0,1898),(43735,NULL,'D-25',0,1898),(43736,NULL,'D-26',0,1898),(43737,NULL,'D-27',0,1898),(43738,NULL,'D-28',0,1898),(43739,NULL,'D-29',0,1898),(43740,NULL,'D-30',0,1898),(43741,NULL,'E-1',0,1899),(43742,NULL,'E-2',0,1899),(43743,NULL,'E-3',0,1899),(43744,NULL,'E-4',0,1899),(43745,NULL,'E-5',0,1899),(43746,NULL,'E-6',0,1899),(43747,NULL,'E-7',0,1899),(43748,NULL,'E-8',0,1899),(43749,NULL,'E-9',0,1899),(43750,NULL,'E-10',0,1899),(43751,NULL,'E-11',0,1899),(43752,NULL,'E-12',0,1899),(43753,NULL,'E-13',0,1899),(43754,NULL,'E-14',0,1899),(43755,NULL,'E-15',0,1899),(43756,NULL,'E-16',0,1899),(43757,NULL,'E-17',0,1899),(43758,NULL,'E-18',0,1899),(43759,NULL,'E-19',0,1899),(43760,NULL,'E-20',0,1899),(43761,NULL,'E-21',0,1899),(43762,NULL,'E-22',0,1899),(43763,NULL,'E-23',0,1899),(43764,NULL,'E-24',0,1899),(43765,NULL,'E-25',0,1899),(43766,NULL,'E-26',0,1899),(43767,NULL,'E-27',0,1899),(43768,NULL,'E-28',0,1899),(43769,NULL,'E-29',0,1899),(43770,NULL,'E-30',0,1899),(43771,'2022-04-08 03:23:58.937000','1-1',1,1900),(43772,NULL,'1-2',0,1900),(43773,NULL,'1-3',0,1900),(43774,NULL,'1-4',0,1900),(43775,NULL,'1-5',0,1900),(43776,NULL,'1-6',0,1900),(43777,NULL,'1-7',0,1900),(43778,NULL,'1-8',0,1900),(43779,NULL,'1-9',0,1900),(43780,NULL,'1-10',0,1900),(43781,NULL,'1-11',0,1900),(43782,NULL,'1-12',0,1900),(43783,NULL,'1-13',0,1900),(43784,NULL,'1-14',0,1900),(43785,NULL,'1-15',0,1900),(43786,NULL,'1-16',0,1900),(43787,NULL,'1-17',0,1900),(43788,NULL,'1-18',0,1900),(43789,NULL,'1-19',0,1900),(43790,'2022-04-08 02:46:10.651000','1-20',1,1900),(43791,'2022-04-08 02:45:18.640000','1-21',1,1900),(43792,NULL,'1-22',0,1900),(43793,NULL,'1-23',0,1900),(43794,NULL,'1-24',0,1900),(43795,NULL,'1-25',0,1900),(43796,NULL,'1-26',0,1900),(43797,NULL,'1-27',0,1900),(43798,NULL,'1-28',0,1900),(43799,NULL,'1-29',0,1900),(43800,NULL,'1-30',0,1900),(43801,NULL,'2-1',0,1901),(43802,'2022-04-08 02:44:34.072000','2-2',1,1901),(43803,NULL,'2-3',0,1901),(43804,NULL,'2-4',0,1901),(43805,NULL,'2-5',0,1901),(43806,NULL,'2-6',0,1901),(43807,NULL,'2-7',0,1901),(43808,NULL,'2-8',0,1901),(43809,NULL,'2-9',0,1901),(43810,NULL,'2-10',0,1901),(43811,NULL,'2-11',0,1901),(43812,NULL,'2-12',0,1901),(43813,NULL,'2-13',0,1901),(43814,NULL,'2-14',0,1901),(43815,NULL,'2-15',0,1901),(43816,NULL,'2-16',0,1901),(43817,NULL,'2-17',0,1901),(43818,NULL,'2-18',0,1901),(43819,NULL,'2-19',0,1901),(43820,NULL,'2-20',0,1901),(43821,NULL,'2-21',0,1901),(43822,NULL,'2-22',0,1901),(43823,NULL,'2-23',0,1901),(43824,NULL,'2-24',0,1901),(43825,NULL,'2-25',0,1901),(43826,NULL,'2-26',0,1901),(43827,NULL,'2-27',0,1901),(43828,NULL,'2-28',0,1901),(43829,NULL,'2-29',0,1901),(43830,NULL,'2-30',0,1901),(43831,NULL,'3-1',0,1902),(43832,NULL,'3-2',0,1902),(43833,NULL,'3-3',0,1902),(43834,NULL,'3-4',0,1902),(43835,NULL,'3-5',0,1902),(43836,NULL,'3-6',0,1902),(43837,NULL,'3-7',0,1902),(43838,NULL,'3-8',0,1902),(43839,NULL,'3-9',0,1902),(43840,NULL,'3-10',0,1902),(43841,NULL,'3-11',0,1902),(43842,NULL,'3-12',0,1902),(43843,NULL,'3-13',0,1902),(43844,NULL,'3-14',0,1902),(43845,NULL,'3-15',0,1902),(43846,NULL,'3-16',0,1902),(43847,NULL,'3-17',0,1902),(43848,NULL,'3-18',0,1902),(43849,NULL,'3-19',0,1902),(43850,NULL,'3-20',0,1902),(43851,NULL,'3-21',0,1902),(43852,NULL,'3-22',0,1902),(43853,NULL,'3-23',0,1902),(43854,NULL,'3-24',0,1902),(43855,NULL,'3-25',0,1902),(43856,NULL,'3-26',0,1902),(43857,NULL,'3-27',0,1902),(43858,NULL,'3-28',0,1902),(43859,NULL,'3-29',0,1902),(43860,NULL,'3-30',0,1902),(43861,NULL,'4-1',0,1903),(43862,NULL,'4-2',0,1903),(43863,NULL,'4-3',0,1903),(43864,NULL,'4-4',0,1903),(43865,NULL,'4-5',0,1903),(43866,NULL,'4-6',0,1903),(43867,NULL,'4-7',0,1903),(43868,NULL,'4-8',0,1903),(43869,NULL,'4-9',0,1903),(43870,NULL,'4-10',0,1903),(43871,NULL,'4-11',0,1903),(43872,NULL,'4-12',0,1903),(43873,NULL,'4-13',0,1903),(43874,NULL,'4-14',0,1903),(43875,NULL,'4-15',0,1903),(43876,NULL,'4-16',0,1903),(43877,NULL,'4-17',0,1903),(43878,NULL,'4-18',0,1903),(43879,NULL,'4-19',0,1903),(43880,NULL,'4-20',0,1903),(43881,NULL,'4-21',0,1903),(43882,NULL,'4-22',0,1903),(43883,NULL,'4-23',0,1903),(43884,NULL,'4-24',0,1903),(43885,NULL,'4-25',0,1903),(43886,NULL,'4-26',0,1903),(43887,NULL,'4-27',0,1903),(43888,NULL,'4-28',0,1903),(43889,NULL,'4-29',0,1903),(43890,NULL,'4-30',0,1903),(43891,NULL,'5-1',0,1904),(43892,NULL,'5-2',0,1904),(43893,NULL,'5-3',0,1904),(43894,NULL,'5-4',0,1904),(43895,NULL,'5-5',0,1904),(43896,NULL,'5-6',0,1904),(43897,NULL,'5-7',0,1904),(43898,NULL,'5-8',0,1904),(43899,NULL,'5-9',0,1904),(43900,NULL,'5-10',0,1904),(43901,NULL,'5-11',0,1904),(43902,NULL,'5-12',0,1904),(43903,NULL,'5-13',0,1904),(43904,NULL,'5-14',0,1904),(43905,NULL,'5-15',0,1904),(43906,NULL,'5-16',0,1904),(43907,NULL,'5-17',0,1904),(43908,NULL,'5-18',0,1904),(43909,NULL,'5-19',0,1904),(43910,NULL,'5-20',0,1904),(43911,NULL,'5-21',0,1904),(43912,NULL,'5-22',0,1904),(43913,NULL,'5-23',0,1904),(43914,NULL,'5-24',0,1904),(43915,NULL,'5-25',0,1904),(43916,NULL,'5-26',0,1904),(43917,NULL,'5-27',0,1904),(43918,NULL,'5-28',0,1904),(43919,NULL,'5-29',0,1904),(43920,NULL,'5-30',0,1904),(43921,NULL,'6-1',0,1905),(43922,NULL,'6-2',0,1905),(43923,NULL,'6-3',0,1905),(43924,NULL,'6-4',0,1905),(43925,NULL,'6-5',0,1905),(43926,NULL,'6-6',0,1905),(43927,NULL,'6-7',0,1905),(43928,NULL,'6-8',0,1905),(43929,NULL,'6-9',0,1905),(43930,NULL,'6-10',0,1905),(43931,NULL,'6-11',0,1905),(43932,NULL,'6-12',0,1905),(43933,NULL,'6-13',0,1905),(43934,NULL,'6-14',0,1905),(43935,NULL,'6-15',0,1905),(43936,NULL,'6-16',0,1905),(43937,NULL,'6-17',0,1905),(43938,NULL,'6-18',0,1905),(43939,NULL,'6-19',0,1905),(43940,NULL,'6-20',0,1905),(43941,NULL,'6-21',0,1905),(43942,NULL,'6-22',0,1905),(43943,NULL,'6-23',0,1905),(43944,NULL,'6-24',0,1905),(43945,NULL,'6-25',0,1905),(43946,NULL,'6-26',0,1905),(43947,NULL,'6-27',0,1905),(43948,NULL,'6-28',0,1905),(43949,NULL,'6-29',0,1905),(43950,NULL,'6-30',0,1905),(43951,NULL,'7-1',0,1906),(43952,NULL,'7-2',0,1906),(43953,NULL,'7-3',0,1906),(43954,NULL,'7-4',0,1906),(43955,NULL,'7-5',0,1906),(43956,NULL,'7-6',0,1906),(43957,NULL,'7-7',0,1906),(43958,NULL,'7-8',0,1906),(43959,NULL,'7-9',0,1906),(43960,NULL,'7-10',0,1906),(43961,NULL,'7-11',0,1906),(43962,NULL,'7-12',0,1906),(43963,NULL,'7-13',0,1906),(43964,NULL,'7-14',0,1906),(43965,NULL,'7-15',0,1906),(43966,NULL,'7-16',0,1906),(43967,NULL,'7-17',0,1906),(43968,NULL,'7-18',0,1906),(43969,NULL,'7-19',0,1906),(43970,NULL,'7-20',0,1906),(43971,NULL,'7-21',0,1906),(43972,NULL,'7-22',0,1906),(43973,NULL,'7-23',0,1906),(43974,NULL,'7-24',0,1906),(43975,NULL,'7-25',0,1906),(43976,NULL,'7-26',0,1906),(43977,NULL,'7-27',0,1906),(43978,NULL,'7-28',0,1906),(43979,NULL,'7-29',0,1906),(43980,NULL,'7-30',0,1906),(43981,NULL,'8-1',0,1907),(43982,NULL,'8-2',0,1907),(43983,NULL,'8-3',0,1907),(43984,NULL,'8-4',0,1907),(43985,NULL,'8-5',0,1907),(43986,NULL,'8-6',0,1907),(43987,NULL,'8-7',0,1907),(43988,NULL,'8-8',0,1907),(43989,NULL,'8-9',0,1907),(43990,NULL,'8-10',0,1907),(43991,NULL,'8-11',0,1907),(43992,NULL,'8-12',0,1907),(43993,NULL,'8-13',0,1907),(43994,NULL,'8-14',0,1907),(43995,NULL,'8-15',0,1907),(43996,NULL,'8-16',0,1907),(43997,NULL,'8-17',0,1907),(43998,NULL,'8-18',0,1907),(43999,NULL,'8-19',0,1907),(44000,NULL,'8-20',0,1907),(44001,NULL,'8-21',0,1907),(44002,NULL,'8-22',0,1907),(44003,NULL,'8-23',0,1907),(44004,NULL,'8-24',0,1907),(44005,NULL,'8-25',0,1907),(44006,NULL,'8-26',0,1907),(44007,NULL,'8-27',0,1907),(44008,NULL,'8-28',0,1907),(44009,NULL,'8-29',0,1907),(44010,NULL,'8-30',0,1907),(44011,NULL,'9-1',0,1908),(44012,NULL,'9-2',0,1908),(44013,NULL,'9-3',0,1908),(44014,NULL,'9-4',0,1908),(44015,NULL,'9-5',0,1908),(44016,NULL,'9-6',0,1908),(44017,NULL,'9-7',0,1908),(44018,NULL,'9-8',0,1908),(44019,NULL,'9-9',0,1908),(44020,NULL,'9-10',0,1908),(44021,NULL,'9-11',0,1908),(44022,NULL,'9-12',0,1908),(44023,NULL,'9-13',0,1908),(44024,NULL,'9-14',0,1908),(44025,NULL,'9-15',0,1908),(44026,NULL,'9-16',0,1908),(44027,NULL,'9-17',0,1908),(44028,NULL,'9-18',0,1908),(44029,NULL,'9-19',0,1908),(44030,NULL,'9-20',0,1908),(44031,NULL,'9-21',0,1908),(44032,NULL,'9-22',0,1908),(44033,NULL,'9-23',0,1908),(44034,NULL,'9-24',0,1908),(44035,NULL,'9-25',0,1908),(44036,NULL,'9-26',0,1908),(44037,NULL,'9-27',0,1908),(44038,NULL,'9-28',0,1908),(44039,NULL,'9-29',0,1908),(44040,NULL,'9-30',0,1908),(44041,NULL,'10-1',0,1909),(44042,NULL,'10-2',0,1909),(44043,NULL,'10-3',0,1909),(44044,NULL,'10-4',0,1909),(44045,NULL,'10-5',0,1909),(44046,NULL,'10-6',0,1909),(44047,NULL,'10-7',0,1909),(44048,NULL,'10-8',0,1909),(44049,NULL,'10-9',0,1909),(44050,NULL,'10-10',0,1909),(44051,NULL,'10-11',0,1909),(44052,NULL,'10-12',0,1909),(44053,NULL,'10-13',0,1909),(44054,NULL,'10-14',0,1909),(44055,NULL,'10-15',0,1909),(44056,NULL,'10-16',0,1909),(44057,NULL,'10-17',0,1909),(44058,NULL,'10-18',0,1909),(44059,NULL,'10-19',0,1909),(44060,NULL,'10-20',0,1909),(44061,NULL,'10-21',0,1909),(44062,NULL,'10-22',0,1909),(44063,NULL,'10-23',0,1909),(44064,NULL,'10-24',0,1909),(44065,NULL,'10-25',0,1909),(44066,NULL,'10-26',0,1909),(44067,NULL,'10-27',0,1909),(44068,NULL,'10-28',0,1909),(44069,NULL,'10-29',0,1909),(44070,NULL,'10-30',0,1909),(44071,NULL,'A-1',0,1910),(44072,NULL,'A-2',0,1910),(44073,NULL,'A-3',0,1910),(44074,NULL,'A-4',0,1910),(44075,NULL,'A-5',0,1910),(44076,NULL,'A-6',0,1910),(44077,NULL,'A-7',0,1910),(44078,NULL,'A-8',0,1910),(44079,NULL,'A-9',0,1910),(44080,NULL,'A-10',0,1910),(44081,NULL,'A-11',0,1910),(44082,NULL,'A-12',0,1910),(44083,NULL,'A-13',0,1910),(44084,NULL,'A-14',0,1910),(44085,NULL,'A-15',0,1910),(44086,NULL,'A-16',0,1910),(44087,NULL,'A-17',0,1910),(44088,NULL,'A-18',0,1910),(44089,NULL,'A-19',0,1910),(44090,NULL,'A-20',0,1910),(44091,NULL,'A-21',0,1910),(44092,NULL,'A-22',0,1910),(44093,NULL,'A-23',0,1910),(44094,NULL,'A-24',0,1910),(44095,NULL,'A-25',0,1910),(44096,NULL,'A-26',0,1910),(44097,NULL,'A-27',0,1910),(44098,NULL,'A-28',0,1910),(44099,NULL,'A-29',0,1910),(44100,NULL,'A-30',0,1910),(44101,NULL,'B-1',0,1911),(44102,NULL,'B-2',0,1911),(44103,NULL,'B-3',0,1911),(44104,NULL,'B-4',0,1911),(44105,NULL,'B-5',0,1911),(44106,NULL,'B-6',0,1911),(44107,NULL,'B-7',0,1911),(44108,NULL,'B-8',0,1911),(44109,NULL,'B-9',0,1911),(44110,NULL,'B-10',0,1911),(44111,NULL,'B-11',0,1911),(44112,NULL,'B-12',0,1911),(44113,NULL,'B-13',0,1911),(44114,NULL,'B-14',0,1911),(44115,NULL,'B-15',0,1911),(44116,NULL,'B-16',0,1911),(44117,NULL,'B-17',0,1911),(44118,NULL,'B-18',0,1911),(44119,NULL,'B-19',0,1911),(44120,NULL,'B-20',0,1911),(44121,NULL,'B-21',0,1911),(44122,NULL,'B-22',0,1911),(44123,NULL,'B-23',0,1911),(44124,NULL,'B-24',0,1911),(44125,NULL,'B-25',0,1911),(44126,NULL,'B-26',0,1911),(44127,NULL,'B-27',0,1911),(44128,NULL,'B-28',0,1911),(44129,NULL,'B-29',0,1911),(44130,NULL,'B-30',0,1911),(44131,NULL,'C-1',0,1912),(44132,NULL,'C-2',0,1912),(44133,NULL,'C-3',0,1912),(44134,NULL,'C-4',0,1912),(44135,NULL,'C-5',0,1912),(44136,NULL,'C-6',0,1912),(44137,NULL,'C-7',0,1912),(44138,NULL,'C-8',0,1912),(44139,NULL,'C-9',0,1912),(44140,NULL,'C-10',0,1912),(44141,NULL,'C-11',0,1912),(44142,NULL,'C-12',0,1912),(44143,NULL,'C-13',0,1912),(44144,NULL,'C-14',0,1912),(44145,NULL,'C-15',0,1912),(44146,NULL,'C-16',0,1912),(44147,NULL,'C-17',0,1912),(44148,NULL,'C-18',0,1912),(44149,NULL,'C-19',0,1912),(44150,NULL,'C-20',0,1912),(44151,NULL,'C-21',0,1912),(44152,NULL,'C-22',0,1912),(44153,NULL,'C-23',0,1912),(44154,NULL,'C-24',0,1912),(44155,NULL,'C-25',0,1912),(44156,NULL,'C-26',0,1912),(44157,NULL,'C-27',0,1912),(44158,NULL,'C-28',0,1912),(44159,NULL,'C-29',0,1912),(44160,NULL,'C-30',0,1912),(44161,NULL,'D-1',0,1913),(44162,NULL,'D-2',0,1913),(44163,NULL,'D-3',0,1913),(44164,NULL,'D-4',0,1913),(44165,NULL,'D-5',0,1913),(44166,NULL,'D-6',0,1913),(44167,NULL,'D-7',0,1913),(44168,NULL,'D-8',0,1913),(44169,NULL,'D-9',0,1913),(44170,NULL,'D-10',0,1913),(44171,NULL,'D-11',0,1913),(44172,NULL,'D-12',0,1913),(44173,NULL,'D-13',0,1913),(44174,NULL,'D-14',0,1913),(44175,NULL,'D-15',0,1913),(44176,NULL,'D-16',0,1913),(44177,NULL,'D-17',0,1913),(44178,NULL,'D-18',0,1913),(44179,NULL,'D-19',0,1913),(44180,NULL,'D-20',0,1913),(44181,NULL,'D-21',0,1913),(44182,NULL,'D-22',0,1913),(44183,NULL,'D-23',0,1913),(44184,NULL,'D-24',0,1913),(44185,NULL,'D-25',0,1913),(44186,NULL,'D-26',0,1913),(44187,NULL,'D-27',0,1913),(44188,NULL,'D-28',0,1913),(44189,NULL,'D-29',0,1913),(44190,NULL,'D-30',0,1913),(44191,NULL,'1-1',0,1914),(44192,NULL,'1-2',0,1914),(44193,NULL,'1-3',0,1914),(44194,NULL,'1-4',0,1914),(44195,NULL,'1-5',0,1914),(44196,NULL,'1-6',0,1914),(44197,NULL,'1-7',0,1914),(44198,NULL,'1-8',0,1914),(44199,NULL,'1-9',0,1914),(44200,NULL,'1-10',0,1914),(44201,NULL,'1-11',0,1914),(44202,NULL,'1-12',0,1914),(44203,NULL,'1-13',0,1914),(44204,NULL,'1-14',0,1914),(44205,NULL,'1-15',0,1914),(44206,NULL,'1-16',0,1914),(44207,NULL,'1-17',0,1914),(44208,NULL,'1-18',0,1914),(44209,NULL,'1-19',0,1914),(44210,NULL,'1-20',0,1914),(44211,NULL,'1-21',0,1914),(44212,NULL,'1-22',0,1914),(44213,NULL,'1-23',0,1914),(44214,NULL,'1-24',0,1914),(44215,NULL,'1-25',0,1914),(44216,NULL,'1-26',0,1914),(44217,NULL,'1-27',0,1914),(44218,NULL,'1-28',0,1914),(44219,NULL,'1-29',0,1914),(44220,NULL,'1-30',0,1914),(44221,NULL,'2-1',0,1915),(44222,NULL,'2-2',0,1915),(44223,NULL,'2-3',0,1915),(44224,NULL,'2-4',0,1915),(44225,NULL,'2-5',0,1915),(44226,NULL,'2-6',0,1915),(44227,NULL,'2-7',0,1915),(44228,NULL,'2-8',0,1915),(44229,NULL,'2-9',0,1915),(44230,NULL,'2-10',0,1915),(44231,NULL,'2-11',0,1915),(44232,NULL,'2-12',0,1915),(44233,NULL,'2-13',0,1915),(44234,NULL,'2-14',0,1915),(44235,NULL,'2-15',0,1915),(44236,NULL,'2-16',0,1915),(44237,NULL,'2-17',0,1915),(44238,NULL,'2-18',0,1915),(44239,NULL,'2-19',0,1915),(44240,NULL,'2-20',0,1915),(44241,NULL,'2-21',0,1915),(44242,NULL,'2-22',0,1915),(44243,NULL,'2-23',0,1915),(44244,NULL,'2-24',0,1915),(44245,NULL,'2-25',0,1915),(44246,NULL,'2-26',0,1915),(44247,NULL,'2-27',0,1915),(44248,NULL,'2-28',0,1915),(44249,NULL,'2-29',0,1915),(44250,NULL,'2-30',0,1915),(44251,NULL,'3-1',0,1916),(44252,NULL,'3-2',0,1916),(44253,NULL,'3-3',0,1916),(44254,NULL,'3-4',0,1916),(44255,NULL,'3-5',0,1916),(44256,NULL,'3-6',0,1916),(44257,NULL,'3-7',0,1916),(44258,NULL,'3-8',0,1916),(44259,NULL,'3-9',0,1916),(44260,NULL,'3-10',0,1916),(44261,NULL,'3-11',0,1916),(44262,NULL,'3-12',0,1916),(44263,NULL,'3-13',0,1916),(44264,NULL,'3-14',0,1916),(44265,NULL,'3-15',0,1916),(44266,NULL,'3-16',0,1916),(44267,NULL,'3-17',0,1916),(44268,NULL,'3-18',0,1916),(44269,NULL,'3-19',0,1916),(44270,NULL,'3-20',0,1916),(44271,NULL,'3-21',0,1916),(44272,NULL,'3-22',0,1916),(44273,NULL,'3-23',0,1916),(44274,NULL,'3-24',0,1916),(44275,NULL,'3-25',0,1916),(44276,NULL,'3-26',0,1916),(44277,NULL,'3-27',0,1916),(44278,NULL,'3-28',0,1916),(44279,NULL,'3-29',0,1916),(44280,NULL,'3-30',0,1916),(44281,NULL,'4-1',0,1917),(44282,NULL,'4-2',0,1917),(44283,NULL,'4-3',0,1917),(44284,NULL,'4-4',0,1917),(44285,NULL,'4-5',0,1917),(44286,NULL,'4-6',0,1917),(44287,NULL,'4-7',0,1917),(44288,NULL,'4-8',0,1917),(44289,NULL,'4-9',0,1917),(44290,NULL,'4-10',0,1917),(44291,NULL,'4-11',0,1917),(44292,NULL,'4-12',0,1917),(44293,NULL,'4-13',0,1917),(44294,NULL,'4-14',0,1917),(44295,NULL,'4-15',0,1917),(44296,NULL,'4-16',0,1917),(44297,NULL,'4-17',0,1917),(44298,NULL,'4-18',0,1917),(44299,NULL,'4-19',0,1917),(44300,NULL,'4-20',0,1917),(44301,NULL,'4-21',0,1917),(44302,NULL,'4-22',0,1917),(44303,NULL,'4-23',0,1917),(44304,NULL,'4-24',0,1917),(44305,NULL,'4-25',0,1917),(44306,NULL,'4-26',0,1917),(44307,NULL,'4-27',0,1917),(44308,NULL,'4-28',0,1917),(44309,NULL,'4-29',0,1917),(44310,NULL,'4-30',0,1917),(44311,NULL,'5-1',0,1918),(44312,NULL,'5-2',0,1918),(44313,NULL,'5-3',0,1918),(44314,NULL,'5-4',0,1918),(44315,NULL,'5-5',0,1918),(44316,NULL,'5-6',0,1918),(44317,NULL,'5-7',0,1918),(44318,NULL,'5-8',0,1918),(44319,NULL,'5-9',0,1918),(44320,NULL,'5-10',0,1918),(44321,NULL,'5-11',0,1918),(44322,NULL,'5-12',0,1918),(44323,NULL,'5-13',0,1918),(44324,NULL,'5-14',0,1918),(44325,NULL,'5-15',0,1918),(44326,NULL,'5-16',0,1918),(44327,NULL,'5-17',0,1918),(44328,NULL,'5-18',0,1918),(44329,NULL,'5-19',0,1918),(44330,NULL,'5-20',0,1918),(44331,NULL,'5-21',0,1918),(44332,NULL,'5-22',0,1918),(44333,NULL,'5-23',0,1918),(44334,NULL,'5-24',0,1918),(44335,NULL,'5-25',0,1918),(44336,NULL,'5-26',0,1918),(44337,NULL,'5-27',0,1918),(44338,NULL,'5-28',0,1918),(44339,NULL,'5-29',0,1918),(44340,NULL,'5-30',0,1918),(44341,NULL,'6-1',0,1919),(44342,NULL,'6-2',0,1919),(44343,NULL,'6-3',0,1919),(44344,NULL,'6-4',0,1919),(44345,NULL,'6-5',0,1919),(44346,NULL,'6-6',0,1919),(44347,NULL,'6-7',0,1919),(44348,NULL,'6-8',0,1919),(44349,NULL,'6-9',0,1919),(44350,NULL,'6-10',0,1919),(44351,NULL,'6-11',0,1919),(44352,NULL,'6-12',0,1919),(44353,NULL,'6-13',0,1919),(44354,NULL,'6-14',0,1919),(44355,NULL,'6-15',0,1919),(44356,NULL,'6-16',0,1919),(44357,NULL,'6-17',0,1919),(44358,NULL,'6-18',0,1919),(44359,NULL,'6-19',0,1919),(44360,NULL,'6-20',0,1919),(44361,NULL,'6-21',0,1919),(44362,NULL,'6-22',0,1919),(44363,NULL,'6-23',0,1919),(44364,NULL,'6-24',0,1919),(44365,NULL,'6-25',0,1919),(44366,NULL,'6-26',0,1919),(44367,NULL,'6-27',0,1919),(44368,NULL,'6-28',0,1919),(44369,NULL,'6-29',0,1919),(44370,NULL,'6-30',0,1919),(44371,NULL,'7-1',0,1920),(44372,NULL,'7-2',0,1920),(44373,NULL,'7-3',0,1920),(44374,NULL,'7-4',0,1920),(44375,NULL,'7-5',0,1920),(44376,NULL,'7-6',0,1920),(44377,NULL,'7-7',0,1920),(44378,NULL,'7-8',0,1920),(44379,NULL,'7-9',0,1920),(44380,NULL,'7-10',0,1920),(44381,NULL,'7-11',0,1920),(44382,NULL,'7-12',0,1920),(44383,NULL,'7-13',0,1920),(44384,NULL,'7-14',0,1920),(44385,NULL,'7-15',0,1920),(44386,NULL,'7-16',0,1920),(44387,NULL,'7-17',0,1920),(44388,NULL,'7-18',0,1920),(44389,NULL,'7-19',0,1920),(44390,NULL,'7-20',0,1920),(44391,NULL,'7-21',0,1920),(44392,NULL,'7-22',0,1920),(44393,NULL,'7-23',0,1920),(44394,NULL,'7-24',0,1920),(44395,NULL,'7-25',0,1920),(44396,NULL,'7-26',0,1920),(44397,NULL,'7-27',0,1920),(44398,NULL,'7-28',0,1920),(44399,NULL,'7-29',0,1920),(44400,NULL,'7-30',0,1920),(44401,NULL,'8-1',0,1921),(44402,NULL,'8-2',0,1921),(44403,NULL,'8-3',0,1921),(44404,NULL,'8-4',0,1921),(44405,NULL,'8-5',0,1921),(44406,NULL,'8-6',0,1921),(44407,NULL,'8-7',0,1921),(44408,NULL,'8-8',0,1921),(44409,NULL,'8-9',0,1921),(44410,NULL,'8-10',0,1921),(44411,NULL,'8-11',0,1921),(44412,NULL,'8-12',0,1921),(44413,NULL,'8-13',0,1921),(44414,NULL,'8-14',0,1921),(44415,NULL,'8-15',0,1921),(44416,NULL,'8-16',0,1921),(44417,NULL,'8-17',0,1921),(44418,NULL,'8-18',0,1921),(44419,NULL,'8-19',0,1921),(44420,NULL,'8-20',0,1921),(44421,NULL,'8-21',0,1921),(44422,NULL,'8-22',0,1921),(44423,NULL,'8-23',0,1921),(44424,NULL,'8-24',0,1921),(44425,NULL,'8-25',0,1921),(44426,NULL,'8-26',0,1921),(44427,NULL,'8-27',0,1921),(44428,NULL,'8-28',0,1921),(44429,NULL,'8-29',0,1921),(44430,NULL,'8-30',0,1921),(44431,NULL,'9-1',0,1922),(44432,NULL,'9-2',0,1922),(44433,NULL,'9-3',0,1922),(44434,NULL,'9-4',0,1922),(44435,NULL,'9-5',0,1922),(44436,NULL,'9-6',0,1922),(44437,NULL,'9-7',0,1922),(44438,NULL,'9-8',0,1922),(44439,NULL,'9-9',0,1922),(44440,NULL,'9-10',0,1922),(44441,NULL,'9-11',0,1922),(44442,NULL,'9-12',0,1922),(44443,NULL,'9-13',0,1922),(44444,NULL,'9-14',0,1922),(44445,NULL,'9-15',0,1922),(44446,NULL,'9-16',0,1922),(44447,NULL,'9-17',0,1922),(44448,NULL,'9-18',0,1922),(44449,NULL,'9-19',0,1922),(44450,NULL,'9-20',0,1922),(44451,NULL,'9-21',0,1922),(44452,NULL,'9-22',0,1922),(44453,NULL,'9-23',0,1922),(44454,NULL,'9-24',0,1922),(44455,NULL,'9-25',0,1922),(44456,NULL,'9-26',0,1922),(44457,NULL,'9-27',0,1922),(44458,NULL,'9-28',0,1922),(44459,NULL,'9-29',0,1922),(44460,NULL,'9-30',0,1922),(44461,NULL,'10-1',0,1923),(44462,NULL,'10-2',0,1923),(44463,NULL,'10-3',0,1923),(44464,NULL,'10-4',0,1923),(44465,NULL,'10-5',0,1923),(44466,NULL,'10-6',0,1923),(44467,NULL,'10-7',0,1923),(44468,NULL,'10-8',0,1923),(44469,NULL,'10-9',0,1923),(44470,NULL,'10-10',0,1923),(44471,NULL,'10-11',0,1923),(44472,NULL,'10-12',0,1923),(44473,NULL,'10-13',0,1923),(44474,NULL,'10-14',0,1923),(44475,NULL,'10-15',0,1923),(44476,NULL,'10-16',0,1923),(44477,NULL,'10-17',0,1923),(44478,NULL,'10-18',0,1923),(44479,NULL,'10-19',0,1923),(44480,NULL,'10-20',0,1923),(44481,NULL,'10-21',0,1923),(44482,NULL,'10-22',0,1923),(44483,NULL,'10-23',0,1923),(44484,NULL,'10-24',0,1923),(44485,NULL,'10-25',0,1923),(44486,NULL,'10-26',0,1923),(44487,NULL,'10-27',0,1923),(44488,NULL,'10-28',0,1923),(44489,NULL,'10-29',0,1923),(44490,NULL,'10-30',0,1923),(44491,NULL,'A-1',0,1924),(44492,NULL,'A-2',0,1924),(44493,NULL,'A-3',0,1924),(44494,NULL,'A-4',0,1924),(44495,NULL,'A-5',0,1924),(44496,NULL,'A-6',0,1924),(44497,NULL,'A-7',0,1924),(44498,NULL,'A-8',0,1924),(44499,NULL,'A-9',0,1924),(44500,NULL,'A-10',0,1924),(44501,NULL,'A-11',0,1924),(44502,NULL,'A-12',0,1924),(44503,NULL,'A-13',0,1924),(44504,NULL,'A-14',0,1924),(44505,NULL,'A-15',0,1924),(44506,NULL,'A-16',0,1924),(44507,NULL,'A-17',0,1924),(44508,NULL,'A-18',0,1924),(44509,NULL,'A-19',0,1924),(44510,NULL,'A-20',0,1924),(44511,NULL,'A-21',0,1924),(44512,NULL,'A-22',0,1924),(44513,NULL,'A-23',0,1924),(44514,NULL,'A-24',0,1924),(44515,NULL,'A-25',0,1924),(44516,NULL,'A-26',0,1924),(44517,NULL,'A-27',0,1924),(44518,NULL,'A-28',0,1924),(44519,NULL,'A-29',0,1924),(44520,NULL,'A-30',0,1924),(44521,NULL,'B-1',0,1925),(44522,NULL,'B-2',0,1925),(44523,NULL,'B-3',0,1925),(44524,NULL,'B-4',0,1925),(44525,NULL,'B-5',0,1925),(44526,NULL,'B-6',0,1925),(44527,NULL,'B-7',0,1925),(44528,NULL,'B-8',0,1925),(44529,NULL,'B-9',0,1925),(44530,NULL,'B-10',0,1925),(44531,NULL,'B-11',0,1925),(44532,NULL,'B-12',0,1925),(44533,NULL,'B-13',0,1925),(44534,NULL,'B-14',0,1925),(44535,NULL,'B-15',0,1925),(44536,NULL,'B-16',0,1925),(44537,NULL,'B-17',0,1925),(44538,NULL,'B-18',0,1925),(44539,NULL,'B-19',0,1925),(44540,NULL,'B-20',0,1925),(44541,NULL,'B-21',0,1925),(44542,NULL,'B-22',0,1925),(44543,NULL,'B-23',0,1925),(44544,NULL,'B-24',0,1925),(44545,NULL,'B-25',0,1925),(44546,NULL,'B-26',0,1925),(44547,NULL,'B-27',0,1925),(44548,NULL,'B-28',0,1925),(44549,NULL,'B-29',0,1925),(44550,NULL,'B-30',0,1925),(44551,NULL,'C-1',0,1926),(44552,NULL,'C-2',0,1926),(44553,NULL,'C-3',0,1926),(44554,NULL,'C-4',0,1926),(44555,NULL,'C-5',0,1926),(44556,NULL,'C-6',0,1926),(44557,NULL,'C-7',0,1926),(44558,NULL,'C-8',0,1926),(44559,NULL,'C-9',0,1926),(44560,NULL,'C-10',0,1926),(44561,NULL,'C-11',0,1926),(44562,NULL,'C-12',0,1926),(44563,NULL,'C-13',0,1926),(44564,NULL,'C-14',0,1926),(44565,NULL,'C-15',0,1926),(44566,NULL,'C-16',0,1926),(44567,NULL,'C-17',0,1926),(44568,NULL,'C-18',0,1926),(44569,NULL,'C-19',0,1926),(44570,NULL,'C-20',0,1926),(44571,NULL,'C-21',0,1926),(44572,NULL,'C-22',0,1926),(44573,NULL,'C-23',0,1926),(44574,NULL,'C-24',0,1926),(44575,NULL,'C-25',0,1926),(44576,NULL,'C-26',0,1926),(44577,NULL,'C-27',0,1926),(44578,NULL,'C-28',0,1926),(44579,NULL,'C-29',0,1926),(44580,NULL,'C-30',0,1926),(44581,NULL,'D-1',0,1927),(44582,NULL,'D-2',0,1927),(44583,NULL,'D-3',0,1927),(44584,NULL,'D-4',0,1927),(44585,NULL,'D-5',0,1927),(44586,NULL,'D-6',0,1927),(44587,NULL,'D-7',0,1927),(44588,NULL,'D-8',0,1927),(44589,NULL,'D-9',0,1927),(44590,NULL,'D-10',0,1927),(44591,NULL,'D-11',0,1927),(44592,NULL,'D-12',0,1927),(44593,NULL,'D-13',0,1927),(44594,NULL,'D-14',0,1927),(44595,NULL,'D-15',0,1927),(44596,NULL,'D-16',0,1927),(44597,NULL,'D-17',0,1927),(44598,NULL,'D-18',0,1927),(44599,NULL,'D-19',0,1927),(44600,NULL,'D-20',0,1927),(44601,NULL,'D-21',0,1927),(44602,NULL,'D-22',0,1927),(44603,NULL,'D-23',0,1927),(44604,NULL,'D-24',0,1927),(44605,NULL,'D-25',0,1927),(44606,NULL,'D-26',0,1927),(44607,NULL,'D-27',0,1927),(44608,NULL,'D-28',0,1927),(44609,NULL,'D-29',0,1927),(44610,NULL,'D-30',0,1927),(44611,NULL,'1-1',0,1928),(44612,NULL,'1-2',0,1928),(44613,NULL,'1-3',0,1928),(44614,NULL,'1-4',0,1928),(44615,NULL,'1-5',0,1928),(44616,NULL,'1-6',0,1928),(44617,NULL,'1-7',0,1928),(44618,NULL,'1-8',0,1928),(44619,NULL,'1-9',0,1928),(44620,NULL,'1-10',0,1928),(44621,NULL,'1-11',0,1928),(44622,NULL,'1-12',0,1928),(44623,NULL,'1-13',0,1928),(44624,NULL,'1-14',0,1928),(44625,NULL,'1-15',0,1928),(44626,NULL,'1-16',0,1928),(44627,NULL,'1-17',0,1928),(44628,NULL,'1-18',0,1928),(44629,NULL,'1-19',0,1928),(44630,NULL,'1-20',0,1928),(44631,NULL,'1-21',0,1928),(44632,NULL,'1-22',0,1928),(44633,NULL,'1-23',0,1928),(44634,NULL,'1-24',0,1928),(44635,NULL,'1-25',0,1928),(44636,NULL,'1-26',0,1928),(44637,NULL,'1-27',0,1928),(44638,NULL,'1-28',0,1928),(44639,NULL,'1-29',0,1928),(44640,NULL,'1-30',0,1928),(44641,NULL,'2-1',0,1929),(44642,NULL,'2-2',0,1929),(44643,NULL,'2-3',0,1929),(44644,NULL,'2-4',0,1929),(44645,NULL,'2-5',0,1929),(44646,NULL,'2-6',0,1929),(44647,NULL,'2-7',0,1929),(44648,NULL,'2-8',0,1929),(44649,NULL,'2-9',0,1929),(44650,NULL,'2-10',0,1929),(44651,NULL,'2-11',0,1929),(44652,NULL,'2-12',0,1929),(44653,NULL,'2-13',0,1929),(44654,NULL,'2-14',0,1929),(44655,NULL,'2-15',0,1929),(44656,NULL,'2-16',0,1929),(44657,NULL,'2-17',0,1929),(44658,NULL,'2-18',0,1929),(44659,NULL,'2-19',0,1929),(44660,NULL,'2-20',0,1929),(44661,NULL,'2-21',0,1929),(44662,NULL,'2-22',0,1929),(44663,NULL,'2-23',0,1929),(44664,NULL,'2-24',0,1929),(44665,NULL,'2-25',0,1929),(44666,NULL,'2-26',0,1929),(44667,NULL,'2-27',0,1929),(44668,NULL,'2-28',0,1929),(44669,NULL,'2-29',0,1929),(44670,NULL,'2-30',0,1929),(44671,NULL,'3-1',0,1930),(44672,NULL,'3-2',0,1930),(44673,NULL,'3-3',0,1930),(44674,NULL,'3-4',0,1930),(44675,NULL,'3-5',0,1930),(44676,NULL,'3-6',0,1930),(44677,NULL,'3-7',0,1930),(44678,NULL,'3-8',0,1930),(44679,NULL,'3-9',0,1930),(44680,NULL,'3-10',0,1930),(44681,NULL,'3-11',0,1930),(44682,NULL,'3-12',0,1930),(44683,NULL,'3-13',0,1930),(44684,NULL,'3-14',0,1930),(44685,NULL,'3-15',0,1930),(44686,NULL,'3-16',0,1930),(44687,NULL,'3-17',0,1930),(44688,NULL,'3-18',0,1930),(44689,NULL,'3-19',0,1930),(44690,NULL,'3-20',0,1930),(44691,NULL,'3-21',0,1930),(44692,NULL,'3-22',0,1930),(44693,NULL,'3-23',0,1930),(44694,NULL,'3-24',0,1930),(44695,NULL,'3-25',0,1930),(44696,NULL,'3-26',0,1930),(44697,NULL,'3-27',0,1930),(44698,NULL,'3-28',0,1930),(44699,NULL,'3-29',0,1930),(44700,NULL,'3-30',0,1930),(44701,NULL,'4-1',0,1931),(44702,NULL,'4-2',0,1931),(44703,NULL,'4-3',0,1931),(44704,NULL,'4-4',0,1931),(44705,NULL,'4-5',0,1931),(44706,NULL,'4-6',0,1931),(44707,NULL,'4-7',0,1931),(44708,NULL,'4-8',0,1931),(44709,NULL,'4-9',0,1931),(44710,NULL,'4-10',0,1931),(44711,NULL,'4-11',0,1931),(44712,NULL,'4-12',0,1931),(44713,NULL,'4-13',0,1931),(44714,NULL,'4-14',0,1931),(44715,NULL,'4-15',0,1931),(44716,NULL,'4-16',0,1931),(44717,NULL,'4-17',0,1931),(44718,NULL,'4-18',0,1931),(44719,NULL,'4-19',0,1931),(44720,NULL,'4-20',0,1931),(44721,NULL,'4-21',0,1931),(44722,NULL,'4-22',0,1931),(44723,NULL,'4-23',0,1931),(44724,NULL,'4-24',0,1931),(44725,NULL,'4-25',0,1931),(44726,NULL,'4-26',0,1931),(44727,NULL,'4-27',0,1931),(44728,NULL,'4-28',0,1931),(44729,NULL,'4-29',0,1931),(44730,NULL,'4-30',0,1931),(44731,NULL,'5-1',0,1932),(44732,NULL,'5-2',0,1932),(44733,NULL,'5-3',0,1932),(44734,NULL,'5-4',0,1932),(44735,NULL,'5-5',0,1932),(44736,NULL,'5-6',0,1932),(44737,NULL,'5-7',0,1932),(44738,NULL,'5-8',0,1932),(44739,NULL,'5-9',0,1932),(44740,NULL,'5-10',0,1932),(44741,NULL,'5-11',0,1932),(44742,NULL,'5-12',0,1932),(44743,NULL,'5-13',0,1932),(44744,NULL,'5-14',0,1932),(44745,NULL,'5-15',0,1932),(44746,NULL,'5-16',0,1932),(44747,NULL,'5-17',0,1932),(44748,NULL,'5-18',0,1932),(44749,NULL,'5-19',0,1932),(44750,NULL,'5-20',0,1932),(44751,NULL,'5-21',0,1932),(44752,NULL,'5-22',0,1932),(44753,NULL,'5-23',0,1932),(44754,NULL,'5-24',0,1932),(44755,NULL,'5-25',0,1932),(44756,NULL,'5-26',0,1932),(44757,NULL,'5-27',0,1932),(44758,NULL,'5-28',0,1932),(44759,NULL,'5-29',0,1932),(44760,NULL,'5-30',0,1932),(44761,NULL,'6-1',0,1933),(44762,NULL,'6-2',0,1933),(44763,NULL,'6-3',0,1933),(44764,NULL,'6-4',0,1933),(44765,NULL,'6-5',0,1933),(44766,NULL,'6-6',0,1933),(44767,NULL,'6-7',0,1933),(44768,NULL,'6-8',0,1933),(44769,NULL,'6-9',0,1933),(44770,NULL,'6-10',0,1933),(44771,NULL,'6-11',0,1933),(44772,NULL,'6-12',0,1933),(44773,NULL,'6-13',0,1933),(44774,NULL,'6-14',0,1933),(44775,NULL,'6-15',0,1933),(44776,NULL,'6-16',0,1933),(44777,NULL,'6-17',0,1933),(44778,NULL,'6-18',0,1933),(44779,NULL,'6-19',0,1933),(44780,NULL,'6-20',0,1933),(44781,NULL,'6-21',0,1933),(44782,NULL,'6-22',0,1933),(44783,NULL,'6-23',0,1933),(44784,NULL,'6-24',0,1933),(44785,NULL,'6-25',0,1933),(44786,NULL,'6-26',0,1933),(44787,NULL,'6-27',0,1933),(44788,NULL,'6-28',0,1933),(44789,NULL,'6-29',0,1933),(44790,NULL,'6-30',0,1933),(44791,NULL,'7-1',0,1934),(44792,NULL,'7-2',0,1934),(44793,NULL,'7-3',0,1934),(44794,NULL,'7-4',0,1934),(44795,NULL,'7-5',0,1934),(44796,NULL,'7-6',0,1934),(44797,NULL,'7-7',0,1934),(44798,NULL,'7-8',0,1934),(44799,NULL,'7-9',0,1934),(44800,NULL,'7-10',0,1934),(44801,NULL,'7-11',0,1934),(44802,NULL,'7-12',0,1934),(44803,NULL,'7-13',0,1934),(44804,NULL,'7-14',0,1934),(44805,NULL,'7-15',0,1934),(44806,NULL,'7-16',0,1934),(44807,NULL,'7-17',0,1934),(44808,NULL,'7-18',0,1934),(44809,NULL,'7-19',0,1934),(44810,NULL,'7-20',0,1934),(44811,NULL,'7-21',0,1934),(44812,NULL,'7-22',0,1934),(44813,NULL,'7-23',0,1934),(44814,NULL,'7-24',0,1934),(44815,NULL,'7-25',0,1934),(44816,NULL,'7-26',0,1934),(44817,NULL,'7-27',0,1934),(44818,NULL,'7-28',0,1934),(44819,NULL,'7-29',0,1934),(44820,NULL,'7-30',0,1934),(44821,NULL,'8-1',0,1935),(44822,NULL,'8-2',0,1935),(44823,NULL,'8-3',0,1935),(44824,NULL,'8-4',0,1935),(44825,NULL,'8-5',0,1935),(44826,NULL,'8-6',0,1935),(44827,NULL,'8-7',0,1935),(44828,NULL,'8-8',0,1935),(44829,NULL,'8-9',0,1935),(44830,NULL,'8-10',0,1935),(44831,NULL,'8-11',0,1935),(44832,NULL,'8-12',0,1935),(44833,NULL,'8-13',0,1935),(44834,NULL,'8-14',0,1935),(44835,NULL,'8-15',0,1935),(44836,NULL,'8-16',0,1935),(44837,NULL,'8-17',0,1935),(44838,NULL,'8-18',0,1935),(44839,NULL,'8-19',0,1935),(44840,NULL,'8-20',0,1935),(44841,NULL,'8-21',0,1935),(44842,NULL,'8-22',0,1935),(44843,NULL,'8-23',0,1935),(44844,NULL,'8-24',0,1935),(44845,NULL,'8-25',0,1935),(44846,NULL,'8-26',0,1935),(44847,NULL,'8-27',0,1935),(44848,NULL,'8-28',0,1935),(44849,NULL,'8-29',0,1935),(44850,NULL,'8-30',0,1935),(44851,NULL,'9-1',0,1936),(44852,NULL,'9-2',0,1936),(44853,NULL,'9-3',0,1936),(44854,'2022-04-08 03:23:18.310000','9-4',1,1936),(44855,NULL,'9-5',0,1936),(44856,NULL,'9-6',0,1936),(44857,NULL,'9-7',0,1936),(44858,NULL,'9-8',0,1936),(44859,NULL,'9-9',0,1936),(44860,NULL,'9-10',0,1936),(44861,NULL,'9-11',0,1936),(44862,NULL,'9-12',0,1936),(44863,NULL,'9-13',0,1936),(44864,NULL,'9-14',0,1936),(44865,NULL,'9-15',0,1936),(44866,NULL,'9-16',0,1936),(44867,NULL,'9-17',0,1936),(44868,NULL,'9-18',0,1936),(44869,NULL,'9-19',0,1936),(44870,NULL,'9-20',0,1936),(44871,NULL,'9-21',0,1936),(44872,NULL,'9-22',0,1936),(44873,NULL,'9-23',0,1936),(44874,NULL,'9-24',0,1936),(44875,NULL,'9-25',0,1936),(44876,NULL,'9-26',0,1936),(44877,NULL,'9-27',0,1936),(44878,NULL,'9-28',0,1936),(44879,NULL,'9-29',0,1936),(44880,NULL,'9-30',0,1936),(44881,NULL,'10-1',0,1937),(44882,NULL,'10-2',0,1937),(44883,NULL,'10-3',0,1937),(44884,NULL,'10-4',0,1937),(44885,NULL,'10-5',0,1937),(44886,NULL,'10-6',0,1937),(44887,NULL,'10-7',0,1937),(44888,NULL,'10-8',0,1937),(44889,NULL,'10-9',0,1937),(44890,NULL,'10-10',0,1937),(44891,NULL,'10-11',0,1937),(44892,NULL,'10-12',0,1937),(44893,NULL,'10-13',0,1937),(44894,NULL,'10-14',0,1937),(44895,NULL,'10-15',0,1937),(44896,NULL,'10-16',0,1937),(44897,NULL,'10-17',0,1937),(44898,NULL,'10-18',0,1937),(44899,NULL,'10-19',0,1937),(44900,NULL,'10-20',0,1937),(44901,NULL,'10-21',0,1937),(44902,NULL,'10-22',0,1937),(44903,NULL,'10-23',0,1937),(44904,NULL,'10-24',0,1937),(44905,NULL,'10-25',0,1937),(44906,NULL,'10-26',0,1937),(44907,NULL,'10-27',0,1937),(44908,NULL,'10-28',0,1937),(44909,NULL,'10-29',0,1937),(44910,NULL,'10-30',0,1937),(44911,NULL,'11-1',0,1938),(44912,NULL,'11-2',0,1938),(44913,NULL,'11-3',0,1938),(44914,NULL,'11-4',0,1938),(44915,NULL,'11-5',0,1938),(44916,NULL,'11-6',0,1938),(44917,NULL,'11-7',0,1938),(44918,NULL,'11-8',0,1938),(44919,NULL,'11-9',0,1938),(44920,NULL,'11-10',0,1938),(44921,NULL,'11-11',0,1938),(44922,NULL,'11-12',0,1938),(44923,NULL,'11-13',0,1938),(44924,NULL,'11-14',0,1938),(44925,NULL,'11-15',0,1938),(44926,NULL,'11-16',0,1938),(44927,NULL,'11-17',0,1938),(44928,NULL,'11-18',0,1938),(44929,NULL,'11-19',0,1938),(44930,NULL,'11-20',0,1938),(44931,NULL,'11-21',0,1938),(44932,NULL,'11-22',0,1938),(44933,NULL,'11-23',0,1938),(44934,NULL,'11-24',0,1938),(44935,NULL,'11-25',0,1938),(44936,NULL,'11-26',0,1938),(44937,NULL,'11-27',0,1938),(44938,NULL,'11-28',0,1938),(44939,NULL,'11-29',0,1938),(44940,NULL,'11-30',0,1938),(44941,NULL,'12-1',0,1939),(44942,NULL,'12-2',0,1939),(44943,NULL,'12-3',0,1939),(44944,NULL,'12-4',0,1939),(44945,NULL,'12-5',0,1939),(44946,NULL,'12-6',0,1939),(44947,NULL,'12-7',0,1939),(44948,NULL,'12-8',0,1939),(44949,NULL,'12-9',0,1939),(44950,NULL,'12-10',0,1939),(44951,NULL,'12-11',0,1939),(44952,NULL,'12-12',0,1939),(44953,NULL,'12-13',0,1939),(44954,NULL,'12-14',0,1939),(44955,NULL,'12-15',0,1939),(44956,NULL,'12-16',0,1939),(44957,NULL,'12-17',0,1939),(44958,NULL,'12-18',0,1939),(44959,NULL,'12-19',0,1939),(44960,NULL,'12-20',0,1939),(44961,NULL,'12-21',0,1939),(44962,NULL,'12-22',0,1939),(44963,NULL,'12-23',0,1939),(44964,NULL,'12-24',0,1939),(44965,NULL,'12-25',0,1939),(44966,NULL,'12-26',0,1939),(44967,NULL,'12-27',0,1939),(44968,NULL,'12-28',0,1939),(44969,NULL,'12-29',0,1939),(44970,NULL,'12-30',0,1939),(44971,NULL,'13-1',0,1940),(44972,NULL,'13-2',0,1940),(44973,NULL,'13-3',0,1940),(44974,NULL,'13-4',0,1940),(44975,NULL,'13-5',0,1940),(44976,NULL,'13-6',0,1940),(44977,NULL,'13-7',0,1940),(44978,NULL,'13-8',0,1940),(44979,NULL,'13-9',0,1940),(44980,NULL,'13-10',0,1940),(44981,NULL,'13-11',0,1940),(44982,NULL,'13-12',0,1940),(44983,NULL,'13-13',0,1940),(44984,NULL,'13-14',0,1940),(44985,NULL,'13-15',0,1940),(44986,NULL,'13-16',0,1940),(44987,NULL,'13-17',0,1940),(44988,NULL,'13-18',0,1940),(44989,NULL,'13-19',0,1940),(44990,NULL,'13-20',0,1940),(44991,NULL,'13-21',0,1940),(44992,NULL,'13-22',0,1940),(44993,NULL,'13-23',0,1940),(44994,NULL,'13-24',0,1940),(44995,NULL,'13-25',0,1940),(44996,NULL,'13-26',0,1940),(44997,NULL,'13-27',0,1940),(44998,NULL,'13-28',0,1940),(44999,NULL,'13-29',0,1940),(45000,NULL,'13-30',0,1940),(45001,NULL,'14-1',0,1941),(45002,NULL,'14-2',0,1941),(45003,NULL,'14-3',0,1941),(45004,NULL,'14-4',0,1941),(45005,NULL,'14-5',0,1941),(45006,NULL,'14-6',0,1941),(45007,NULL,'14-7',0,1941),(45008,NULL,'14-8',0,1941),(45009,NULL,'14-9',0,1941),(45010,NULL,'14-10',0,1941),(45011,NULL,'14-11',0,1941),(45012,NULL,'14-12',0,1941),(45013,NULL,'14-13',0,1941),(45014,NULL,'14-14',0,1941),(45015,NULL,'14-15',0,1941),(45016,NULL,'14-16',0,1941),(45017,NULL,'14-17',0,1941),(45018,NULL,'14-18',0,1941),(45019,NULL,'14-19',0,1941),(45020,NULL,'14-20',0,1941),(45021,NULL,'14-21',0,1941),(45022,NULL,'14-22',0,1941),(45023,NULL,'14-23',0,1941),(45024,NULL,'14-24',0,1941),(45025,NULL,'14-25',0,1941),(45026,NULL,'14-26',0,1941),(45027,NULL,'14-27',0,1941),(45028,NULL,'14-28',0,1941),(45029,NULL,'14-29',0,1941),(45030,NULL,'14-30',0,1941),(45031,NULL,'A-1',0,1942),(45032,NULL,'A-2',0,1942),(45033,'2022-04-08 03:08:46.271000','A-3',1,1942),(45034,NULL,'A-4',0,1942),(45035,NULL,'A-5',0,1942),(45036,NULL,'A-6',0,1942),(45037,NULL,'A-7',0,1942),(45038,NULL,'A-8',0,1942),(45039,NULL,'A-9',0,1942),(45040,NULL,'A-10',0,1942),(45041,NULL,'A-11',0,1942),(45042,NULL,'A-12',0,1942),(45043,NULL,'A-13',0,1942),(45044,NULL,'A-14',0,1942),(45045,NULL,'A-15',0,1942),(45046,NULL,'A-16',0,1942),(45047,NULL,'A-17',0,1942),(45048,NULL,'A-18',0,1942),(45049,NULL,'A-19',0,1942),(45050,NULL,'A-20',0,1942),(45051,NULL,'A-21',0,1942),(45052,NULL,'A-22',0,1942),(45053,NULL,'A-23',0,1942),(45054,NULL,'A-24',0,1942),(45055,NULL,'A-25',0,1942),(45056,NULL,'A-26',0,1942),(45057,NULL,'A-27',0,1942),(45058,NULL,'A-28',0,1942),(45059,NULL,'A-29',0,1942),(45060,'2022-04-08 03:22:30.975000','A-30',1,1942),(45061,NULL,'R-1',0,1943),(45062,NULL,'R-2',0,1943),(45063,NULL,'R-3',0,1943),(45064,NULL,'R-4',0,1943),(45065,NULL,'R-5',0,1943),(45066,NULL,'R-6',0,1943),(45067,NULL,'R-7',0,1943),(45068,NULL,'R-8',0,1943),(45069,NULL,'R-9',0,1943),(45070,NULL,'R-10',0,1943),(45071,NULL,'R-11',0,1943),(45072,NULL,'R-12',0,1943),(45073,NULL,'R-13',0,1943),(45074,NULL,'R-14',0,1943),(45075,NULL,'R-15',0,1943),(45076,NULL,'R-16',0,1943),(45077,NULL,'R-17',0,1943),(45078,NULL,'R-18',0,1943),(45079,NULL,'R-19',0,1943),(45080,NULL,'R-20',0,1943),(45081,NULL,'R-21',0,1943),(45082,NULL,'R-22',0,1943),(45083,NULL,'R-23',0,1943),(45084,NULL,'R-24',0,1943),(45085,NULL,'R-25',0,1943),(45086,NULL,'R-26',0,1943),(45087,NULL,'R-27',0,1943),(45088,NULL,'R-28',0,1943),(45089,NULL,'R-29',0,1943),(45090,NULL,'R-30',0,1943),(45091,NULL,'M-1',0,1944),(45092,NULL,'M-2',0,1944),(45093,NULL,'M-3',0,1944),(45094,NULL,'M-4',0,1944),(45095,NULL,'M-5',0,1944),(45096,NULL,'M-6',0,1944),(45097,NULL,'M-7',0,1944),(45098,NULL,'M-8',0,1944),(45099,NULL,'M-9',0,1944),(45100,NULL,'M-10',0,1944),(45101,NULL,'M-11',0,1944),(45102,NULL,'M-12',0,1944),(45103,NULL,'M-13',0,1944),(45104,NULL,'M-14',0,1944),(45105,NULL,'M-15',0,1944),(45106,NULL,'M-16',0,1944),(45107,NULL,'M-17',0,1944),(45108,NULL,'M-18',0,1944),(45109,NULL,'M-19',0,1944),(45110,NULL,'M-20',0,1944),(45111,NULL,'M-21',0,1944),(45112,NULL,'M-22',0,1944),(45113,NULL,'M-23',0,1944),(45114,NULL,'M-24',0,1944),(45115,NULL,'M-25',0,1944),(45116,NULL,'M-26',0,1944),(45117,NULL,'M-27',0,1944),(45118,NULL,'M-28',0,1944),(45119,NULL,'M-29',0,1944),(45120,NULL,'M-30',0,1944),(45121,NULL,'Y-1',0,1945),(45122,NULL,'Y-2',0,1945),(45123,NULL,'Y-3',0,1945),(45124,NULL,'Y-4',0,1945),(45125,NULL,'Y-5',0,1945),(45126,NULL,'Y-6',0,1945),(45127,NULL,'Y-7',0,1945),(45128,NULL,'Y-8',0,1945),(45129,NULL,'Y-9',0,1945),(45130,NULL,'Y-10',0,1945),(45131,NULL,'Y-11',0,1945),(45132,NULL,'Y-12',0,1945),(45133,NULL,'Y-13',0,1945),(45134,NULL,'Y-14',0,1945),(45135,NULL,'Y-15',0,1945),(45136,NULL,'Y-16',0,1945),(45137,NULL,'Y-17',0,1945),(45138,NULL,'Y-18',0,1945),(45139,NULL,'Y-19',0,1945),(45140,NULL,'Y-20',0,1945),(45141,NULL,'Y-21',0,1945),(45142,NULL,'Y-22',0,1945),(45143,NULL,'Y-23',0,1945),(45144,NULL,'Y-24',0,1945),(45145,NULL,'Y-25',0,1945),(45146,NULL,'Y-26',0,1945),(45147,NULL,'Y-27',0,1945),(45148,NULL,'Y-28',0,1945),(45149,NULL,'Y-29',0,1945),(45150,NULL,'Y-30',0,1945),(45151,NULL,'1-1',0,1946),(45152,NULL,'1-2',0,1946),(45153,NULL,'1-3',0,1946),(45154,NULL,'1-4',0,1946),(45155,NULL,'1-5',0,1946),(45156,NULL,'1-6',0,1946),(45157,NULL,'1-7',0,1946),(45158,NULL,'1-8',0,1946),(45159,NULL,'1-9',0,1946),(45160,NULL,'1-10',0,1946),(45161,NULL,'1-11',0,1946),(45162,NULL,'1-12',0,1946),(45163,NULL,'1-13',0,1946),(45164,NULL,'1-14',0,1946),(45165,NULL,'1-15',0,1946),(45166,NULL,'1-16',0,1946),(45167,NULL,'1-17',0,1946),(45168,NULL,'1-18',0,1946),(45169,NULL,'1-19',0,1946),(45170,NULL,'1-20',0,1946),(45171,NULL,'1-21',0,1946),(45172,NULL,'1-22',0,1946),(45173,NULL,'1-23',0,1946),(45174,NULL,'1-24',0,1946),(45175,NULL,'1-25',0,1946),(45176,NULL,'1-26',0,1946),(45177,NULL,'1-27',0,1946),(45178,NULL,'1-28',0,1946),(45179,NULL,'1-29',0,1946),(45180,NULL,'1-30',0,1946),(45181,NULL,'2-1',0,1947),(45182,NULL,'2-2',0,1947),(45183,NULL,'2-3',0,1947),(45184,NULL,'2-4',0,1947),(45185,NULL,'2-5',0,1947),(45186,NULL,'2-6',0,1947),(45187,NULL,'2-7',0,1947),(45188,NULL,'2-8',0,1947),(45189,NULL,'2-9',0,1947),(45190,NULL,'2-10',0,1947),(45191,NULL,'2-11',0,1947),(45192,NULL,'2-12',0,1947),(45193,NULL,'2-13',0,1947),(45194,NULL,'2-14',0,1947),(45195,NULL,'2-15',0,1947),(45196,NULL,'2-16',0,1947),(45197,NULL,'2-17',0,1947),(45198,NULL,'2-18',0,1947),(45199,NULL,'2-19',0,1947),(45200,NULL,'2-20',0,1947),(45201,NULL,'2-21',0,1947),(45202,NULL,'2-22',0,1947),(45203,NULL,'2-23',0,1947),(45204,NULL,'2-24',0,1947),(45205,NULL,'2-25',0,1947),(45206,NULL,'2-26',0,1947),(45207,NULL,'2-27',0,1947),(45208,NULL,'2-28',0,1947),(45209,NULL,'2-29',0,1947),(45210,NULL,'2-30',0,1947),(45211,NULL,'3-1',0,1948),(45212,NULL,'3-2',0,1948),(45213,NULL,'3-3',0,1948),(45214,NULL,'3-4',0,1948),(45215,NULL,'3-5',0,1948),(45216,NULL,'3-6',0,1948),(45217,NULL,'3-7',0,1948),(45218,NULL,'3-8',0,1948),(45219,NULL,'3-9',0,1948),(45220,NULL,'3-10',0,1948),(45221,NULL,'3-11',0,1948),(45222,NULL,'3-12',0,1948),(45223,NULL,'3-13',0,1948),(45224,NULL,'3-14',0,1948),(45225,NULL,'3-15',0,1948),(45226,NULL,'3-16',0,1948),(45227,NULL,'3-17',0,1948),(45228,NULL,'3-18',0,1948),(45229,NULL,'3-19',0,1948),(45230,NULL,'3-20',0,1948),(45231,NULL,'3-21',0,1948),(45232,NULL,'3-22',0,1948),(45233,NULL,'3-23',0,1948),(45234,NULL,'3-24',0,1948),(45235,NULL,'3-25',0,1948),(45236,NULL,'3-26',0,1948),(45237,NULL,'3-27',0,1948),(45238,NULL,'3-28',0,1948),(45239,NULL,'3-29',0,1948),(45240,NULL,'3-30',0,1948),(45241,NULL,'4-1',0,1949),(45242,NULL,'4-2',0,1949),(45243,NULL,'4-3',0,1949),(45244,NULL,'4-4',0,1949),(45245,NULL,'4-5',0,1949),(45246,NULL,'4-6',0,1949),(45247,NULL,'4-7',0,1949),(45248,NULL,'4-8',0,1949),(45249,NULL,'4-9',0,1949),(45250,NULL,'4-10',0,1949),(45251,NULL,'4-11',0,1949),(45252,NULL,'4-12',0,1949),(45253,NULL,'4-13',0,1949),(45254,NULL,'4-14',0,1949),(45255,NULL,'4-15',0,1949),(45256,NULL,'4-16',0,1949),(45257,NULL,'4-17',0,1949),(45258,NULL,'4-18',0,1949),(45259,NULL,'4-19',0,1949),(45260,NULL,'4-20',0,1949),(45261,NULL,'4-21',0,1949),(45262,NULL,'4-22',0,1949),(45263,NULL,'4-23',0,1949),(45264,NULL,'4-24',0,1949),(45265,NULL,'4-25',0,1949),(45266,NULL,'4-26',0,1949),(45267,NULL,'4-27',0,1949),(45268,NULL,'4-28',0,1949),(45269,NULL,'4-29',0,1949),(45270,NULL,'4-30',0,1949),(45271,NULL,'5-1',0,1950),(45272,NULL,'5-2',0,1950),(45273,NULL,'5-3',0,1950),(45274,NULL,'5-4',0,1950),(45275,NULL,'5-5',0,1950),(45276,NULL,'5-6',0,1950),(45277,NULL,'5-7',0,1950),(45278,NULL,'5-8',0,1950),(45279,NULL,'5-9',0,1950),(45280,NULL,'5-10',0,1950),(45281,NULL,'5-11',0,1950),(45282,NULL,'5-12',0,1950),(45283,NULL,'5-13',0,1950),(45284,NULL,'5-14',0,1950),(45285,NULL,'5-15',0,1950),(45286,NULL,'5-16',0,1950),(45287,NULL,'5-17',0,1950),(45288,NULL,'5-18',0,1950),(45289,NULL,'5-19',0,1950),(45290,NULL,'5-20',0,1950),(45291,NULL,'5-21',0,1950),(45292,NULL,'5-22',0,1950),(45293,NULL,'5-23',0,1950),(45294,NULL,'5-24',0,1950),(45295,NULL,'5-25',0,1950),(45296,NULL,'5-26',0,1950),(45297,NULL,'5-27',0,1950),(45298,NULL,'5-28',0,1950),(45299,NULL,'5-29',0,1950),(45300,NULL,'5-30',0,1950),(45301,NULL,'6-1',0,1951),(45302,NULL,'6-2',0,1951),(45303,NULL,'6-3',0,1951),(45304,NULL,'6-4',0,1951),(45305,NULL,'6-5',0,1951),(45306,NULL,'6-6',0,1951),(45307,NULL,'6-7',0,1951),(45308,NULL,'6-8',0,1951),(45309,NULL,'6-9',0,1951),(45310,NULL,'6-10',0,1951),(45311,NULL,'6-11',0,1951),(45312,NULL,'6-12',0,1951),(45313,NULL,'6-13',0,1951),(45314,NULL,'6-14',0,1951),(45315,NULL,'6-15',0,1951),(45316,NULL,'6-16',0,1951),(45317,NULL,'6-17',0,1951),(45318,NULL,'6-18',0,1951),(45319,NULL,'6-19',0,1951),(45320,NULL,'6-20',0,1951),(45321,NULL,'6-21',0,1951),(45322,NULL,'6-22',0,1951),(45323,NULL,'6-23',0,1951),(45324,NULL,'6-24',0,1951),(45325,NULL,'6-25',0,1951),(45326,NULL,'6-26',0,1951),(45327,NULL,'6-27',0,1951),(45328,NULL,'6-28',0,1951),(45329,NULL,'6-29',0,1951),(45330,NULL,'6-30',0,1951),(45331,NULL,'7-1',0,1952),(45332,NULL,'7-2',0,1952),(45333,NULL,'7-3',0,1952),(45334,NULL,'7-4',0,1952),(45335,NULL,'7-5',0,1952),(45336,NULL,'7-6',0,1952),(45337,NULL,'7-7',0,1952),(45338,NULL,'7-8',0,1952),(45339,NULL,'7-9',0,1952),(45340,NULL,'7-10',0,1952),(45341,NULL,'7-11',0,1952),(45342,NULL,'7-12',0,1952),(45343,NULL,'7-13',0,1952),(45344,NULL,'7-14',0,1952),(45345,NULL,'7-15',0,1952),(45346,NULL,'7-16',0,1952),(45347,NULL,'7-17',0,1952),(45348,NULL,'7-18',0,1952),(45349,NULL,'7-19',0,1952),(45350,NULL,'7-20',0,1952),(45351,NULL,'7-21',0,1952),(45352,NULL,'7-22',0,1952),(45353,NULL,'7-23',0,1952),(45354,NULL,'7-24',0,1952),(45355,NULL,'7-25',0,1952),(45356,NULL,'7-26',0,1952),(45357,NULL,'7-27',0,1952),(45358,NULL,'7-28',0,1952),(45359,NULL,'7-29',0,1952),(45360,NULL,'7-30',0,1952),(45361,NULL,'8-1',0,1953),(45362,NULL,'8-2',0,1953),(45363,NULL,'8-3',0,1953),(45364,NULL,'8-4',0,1953),(45365,NULL,'8-5',0,1953),(45366,NULL,'8-6',0,1953),(45367,NULL,'8-7',0,1953),(45368,NULL,'8-8',0,1953),(45369,NULL,'8-9',0,1953),(45370,NULL,'8-10',0,1953),(45371,NULL,'8-11',0,1953),(45372,NULL,'8-12',0,1953),(45373,NULL,'8-13',0,1953),(45374,NULL,'8-14',0,1953),(45375,NULL,'8-15',0,1953),(45376,NULL,'8-16',0,1953),(45377,NULL,'8-17',0,1953),(45378,NULL,'8-18',0,1953),(45379,NULL,'8-19',0,1953),(45380,NULL,'8-20',0,1953),(45381,NULL,'8-21',0,1953),(45382,NULL,'8-22',0,1953),(45383,NULL,'8-23',0,1953),(45384,NULL,'8-24',0,1953),(45385,NULL,'8-25',0,1953),(45386,NULL,'8-26',0,1953),(45387,NULL,'8-27',0,1953),(45388,NULL,'8-28',0,1953),(45389,NULL,'8-29',0,1953),(45390,NULL,'8-30',0,1953),(45391,NULL,'9-1',0,1954),(45392,NULL,'9-2',0,1954),(45393,NULL,'9-3',0,1954),(45394,NULL,'9-4',0,1954),(45395,NULL,'9-5',0,1954),(45396,NULL,'9-6',0,1954),(45397,NULL,'9-7',0,1954),(45398,NULL,'9-8',0,1954),(45399,NULL,'9-9',0,1954),(45400,NULL,'9-10',0,1954),(45401,NULL,'9-11',0,1954),(45402,NULL,'9-12',0,1954),(45403,NULL,'9-13',0,1954),(45404,NULL,'9-14',0,1954),(45405,NULL,'9-15',0,1954),(45406,NULL,'9-16',0,1954),(45407,NULL,'9-17',0,1954),(45408,NULL,'9-18',0,1954),(45409,NULL,'9-19',0,1954),(45410,NULL,'9-20',0,1954),(45411,NULL,'9-21',0,1954),(45412,NULL,'9-22',0,1954),(45413,NULL,'9-23',0,1954),(45414,NULL,'9-24',0,1954),(45415,NULL,'9-25',0,1954),(45416,NULL,'9-26',0,1954),(45417,NULL,'9-27',0,1954),(45418,NULL,'9-28',0,1954),(45419,NULL,'9-29',0,1954),(45420,NULL,'9-30',0,1954),(45421,NULL,'10-1',0,1955),(45422,NULL,'10-2',0,1955),(45423,NULL,'10-3',0,1955),(45424,NULL,'10-4',0,1955),(45425,NULL,'10-5',0,1955),(45426,NULL,'10-6',0,1955),(45427,NULL,'10-7',0,1955),(45428,NULL,'10-8',0,1955),(45429,NULL,'10-9',0,1955),(45430,NULL,'10-10',0,1955),(45431,NULL,'10-11',0,1955),(45432,NULL,'10-12',0,1955),(45433,NULL,'10-13',0,1955),(45434,NULL,'10-14',0,1955),(45435,NULL,'10-15',0,1955),(45436,NULL,'10-16',0,1955),(45437,NULL,'10-17',0,1955),(45438,NULL,'10-18',0,1955),(45439,NULL,'10-19',0,1955),(45440,NULL,'10-20',0,1955),(45441,NULL,'10-21',0,1955),(45442,NULL,'10-22',0,1955),(45443,NULL,'10-23',0,1955),(45444,NULL,'10-24',0,1955),(45445,NULL,'10-25',0,1955),(45446,NULL,'10-26',0,1955),(45447,NULL,'10-27',0,1955),(45448,NULL,'10-28',0,1955),(45449,NULL,'10-29',0,1955),(45450,NULL,'10-30',0,1955),(45451,NULL,'11-1',0,1956),(45452,NULL,'11-2',0,1956),(45453,NULL,'11-3',0,1956),(45454,NULL,'11-4',0,1956),(45455,NULL,'11-5',0,1956),(45456,NULL,'11-6',0,1956),(45457,NULL,'11-7',0,1956),(45458,NULL,'11-8',0,1956),(45459,NULL,'11-9',0,1956),(45460,NULL,'11-10',0,1956),(45461,NULL,'11-11',0,1956),(45462,NULL,'11-12',0,1956),(45463,NULL,'11-13',0,1956),(45464,NULL,'11-14',0,1956),(45465,NULL,'11-15',0,1956),(45466,NULL,'11-16',0,1956),(45467,NULL,'11-17',0,1956),(45468,NULL,'11-18',0,1956),(45469,NULL,'11-19',0,1956),(45470,NULL,'11-20',0,1956),(45471,NULL,'11-21',0,1956),(45472,NULL,'11-22',0,1956),(45473,NULL,'11-23',0,1956),(45474,NULL,'11-24',0,1956),(45475,NULL,'11-25',0,1956),(45476,NULL,'11-26',0,1956),(45477,NULL,'11-27',0,1956),(45478,NULL,'11-28',0,1956),(45479,NULL,'11-29',0,1956),(45480,NULL,'11-30',0,1956),(45481,NULL,'12-1',0,1957),(45482,NULL,'12-2',0,1957),(45483,NULL,'12-3',0,1957),(45484,NULL,'12-4',0,1957),(45485,NULL,'12-5',0,1957),(45486,NULL,'12-6',0,1957),(45487,NULL,'12-7',0,1957),(45488,NULL,'12-8',0,1957),(45489,NULL,'12-9',0,1957),(45490,NULL,'12-10',0,1957),(45491,NULL,'12-11',0,1957),(45492,NULL,'12-12',0,1957),(45493,NULL,'12-13',0,1957),(45494,NULL,'12-14',0,1957),(45495,NULL,'12-15',0,1957),(45496,NULL,'12-16',0,1957),(45497,NULL,'12-17',0,1957),(45498,NULL,'12-18',0,1957),(45499,NULL,'12-19',0,1957),(45500,NULL,'12-20',0,1957),(45501,NULL,'12-21',0,1957),(45502,NULL,'12-22',0,1957),(45503,NULL,'12-23',0,1957),(45504,NULL,'12-24',0,1957),(45505,NULL,'12-25',0,1957),(45506,NULL,'12-26',0,1957),(45507,NULL,'12-27',0,1957),(45508,NULL,'12-28',0,1957),(45509,NULL,'12-29',0,1957),(45510,NULL,'12-30',0,1957),(45511,NULL,'13-1',0,1958),(45512,NULL,'13-2',0,1958),(45513,NULL,'13-3',0,1958),(45514,NULL,'13-4',0,1958),(45515,NULL,'13-5',0,1958),(45516,NULL,'13-6',0,1958),(45517,NULL,'13-7',0,1958),(45518,NULL,'13-8',0,1958),(45519,NULL,'13-9',0,1958),(45520,NULL,'13-10',0,1958),(45521,NULL,'13-11',0,1958),(45522,NULL,'13-12',0,1958),(45523,NULL,'13-13',0,1958),(45524,NULL,'13-14',0,1958),(45525,NULL,'13-15',0,1958),(45526,NULL,'13-16',0,1958),(45527,NULL,'13-17',0,1958),(45528,NULL,'13-18',0,1958),(45529,NULL,'13-19',0,1958),(45530,NULL,'13-20',0,1958),(45531,NULL,'13-21',0,1958),(45532,NULL,'13-22',0,1958),(45533,NULL,'13-23',0,1958),(45534,NULL,'13-24',0,1958),(45535,NULL,'13-25',0,1958),(45536,NULL,'13-26',0,1958),(45537,NULL,'13-27',0,1958),(45538,NULL,'13-28',0,1958),(45539,NULL,'13-29',0,1958),(45540,NULL,'13-30',0,1958),(45541,NULL,'14-1',0,1959),(45542,NULL,'14-2',0,1959),(45543,NULL,'14-3',0,1959),(45544,NULL,'14-4',0,1959),(45545,NULL,'14-5',0,1959),(45546,NULL,'14-6',0,1959),(45547,NULL,'14-7',0,1959),(45548,NULL,'14-8',0,1959),(45549,NULL,'14-9',0,1959),(45550,NULL,'14-10',0,1959),(45551,NULL,'14-11',0,1959),(45552,NULL,'14-12',0,1959),(45553,NULL,'14-13',0,1959),(45554,NULL,'14-14',0,1959),(45555,NULL,'14-15',0,1959),(45556,NULL,'14-16',0,1959),(45557,NULL,'14-17',0,1959),(45558,NULL,'14-18',0,1959),(45559,NULL,'14-19',0,1959),(45560,NULL,'14-20',0,1959),(45561,NULL,'14-21',0,1959),(45562,NULL,'14-22',0,1959),(45563,NULL,'14-23',0,1959),(45564,NULL,'14-24',0,1959),(45565,NULL,'14-25',0,1959),(45566,NULL,'14-26',0,1959),(45567,NULL,'14-27',0,1959),(45568,NULL,'14-28',0,1959),(45569,NULL,'14-29',0,1959),(45570,NULL,'14-30',0,1959),(45571,NULL,'A-1',0,1960),(45572,NULL,'A-2',0,1960),(45573,NULL,'A-3',0,1960),(45574,NULL,'A-4',0,1960),(45575,NULL,'A-5',0,1960),(45576,NULL,'A-6',0,1960),(45577,NULL,'A-7',0,1960),(45578,NULL,'A-8',0,1960),(45579,NULL,'A-9',0,1960),(45580,NULL,'A-10',0,1960),(45581,NULL,'A-11',0,1960),(45582,NULL,'A-12',0,1960),(45583,NULL,'A-13',0,1960),(45584,NULL,'A-14',0,1960),(45585,NULL,'A-15',0,1960),(45586,NULL,'A-16',0,1960),(45587,NULL,'A-17',0,1960),(45588,NULL,'A-18',0,1960),(45589,NULL,'A-19',0,1960),(45590,NULL,'A-20',0,1960),(45591,NULL,'A-21',0,1960),(45592,NULL,'A-22',0,1960),(45593,NULL,'A-23',0,1960),(45594,NULL,'A-24',0,1960),(45595,NULL,'A-25',0,1960),(45596,NULL,'A-26',0,1960),(45597,NULL,'A-27',0,1960),(45598,NULL,'A-28',0,1960),(45599,NULL,'A-29',0,1960),(45600,NULL,'A-30',0,1960),(45601,NULL,'R-1',0,1961),(45602,NULL,'R-2',0,1961),(45603,NULL,'R-3',0,1961),(45604,NULL,'R-4',0,1961),(45605,NULL,'R-5',0,1961),(45606,NULL,'R-6',0,1961),(45607,NULL,'R-7',0,1961),(45608,NULL,'R-8',0,1961),(45609,NULL,'R-9',0,1961),(45610,NULL,'R-10',0,1961),(45611,NULL,'R-11',0,1961),(45612,NULL,'R-12',0,1961),(45613,NULL,'R-13',0,1961),(45614,NULL,'R-14',0,1961),(45615,NULL,'R-15',0,1961),(45616,NULL,'R-16',0,1961),(45617,NULL,'R-17',0,1961),(45618,NULL,'R-18',0,1961),(45619,NULL,'R-19',0,1961),(45620,NULL,'R-20',0,1961),(45621,NULL,'R-21',0,1961),(45622,NULL,'R-22',0,1961),(45623,NULL,'R-23',0,1961),(45624,NULL,'R-24',0,1961),(45625,NULL,'R-25',0,1961),(45626,NULL,'R-26',0,1961),(45627,NULL,'R-27',0,1961),(45628,NULL,'R-28',0,1961),(45629,NULL,'R-29',0,1961),(45630,NULL,'R-30',0,1961),(45631,NULL,'M-1',0,1962),(45632,NULL,'M-2',0,1962),(45633,NULL,'M-3',0,1962),(45634,NULL,'M-4',0,1962),(45635,NULL,'M-5',0,1962),(45636,NULL,'M-6',0,1962),(45637,NULL,'M-7',0,1962),(45638,NULL,'M-8',0,1962),(45639,NULL,'M-9',0,1962),(45640,NULL,'M-10',0,1962),(45641,NULL,'M-11',0,1962),(45642,NULL,'M-12',0,1962),(45643,NULL,'M-13',0,1962),(45644,NULL,'M-14',0,1962),(45645,NULL,'M-15',0,1962),(45646,NULL,'M-16',0,1962),(45647,NULL,'M-17',0,1962),(45648,NULL,'M-18',0,1962),(45649,NULL,'M-19',0,1962),(45650,NULL,'M-20',0,1962),(45651,NULL,'M-21',0,1962),(45652,NULL,'M-22',0,1962),(45653,NULL,'M-23',0,1962),(45654,NULL,'M-24',0,1962),(45655,NULL,'M-25',0,1962),(45656,NULL,'M-26',0,1962),(45657,NULL,'M-27',0,1962),(45658,NULL,'M-28',0,1962),(45659,NULL,'M-29',0,1962),(45660,NULL,'M-30',0,1962),(45661,NULL,'Y-1',0,1963),(45662,NULL,'Y-2',0,1963),(45663,NULL,'Y-3',0,1963),(45664,NULL,'Y-4',0,1963),(45665,NULL,'Y-5',0,1963),(45666,NULL,'Y-6',0,1963),(45667,NULL,'Y-7',0,1963),(45668,NULL,'Y-8',0,1963),(45669,NULL,'Y-9',0,1963),(45670,NULL,'Y-10',0,1963),(45671,NULL,'Y-11',0,1963),(45672,NULL,'Y-12',0,1963),(45673,NULL,'Y-13',0,1963),(45674,NULL,'Y-14',0,1963),(45675,NULL,'Y-15',0,1963),(45676,NULL,'Y-16',0,1963),(45677,NULL,'Y-17',0,1963),(45678,NULL,'Y-18',0,1963),(45679,NULL,'Y-19',0,1963),(45680,NULL,'Y-20',0,1963),(45681,NULL,'Y-21',0,1963),(45682,NULL,'Y-22',0,1963),(45683,NULL,'Y-23',0,1963),(45684,NULL,'Y-24',0,1963),(45685,NULL,'Y-25',0,1963),(45686,NULL,'Y-26',0,1963),(45687,NULL,'Y-27',0,1963),(45688,NULL,'Y-28',0,1963),(45689,NULL,'Y-29',0,1963),(45690,NULL,'Y-30',0,1963),(45691,NULL,'1-1',0,1964),(45692,NULL,'1-2',0,1964),(45693,NULL,'1-3',0,1964),(45694,NULL,'1-4',0,1964),(45695,NULL,'1-5',0,1964),(45696,NULL,'1-6',0,1964),(45697,NULL,'1-7',0,1964),(45698,NULL,'1-8',0,1964),(45699,NULL,'1-9',0,1964),(45700,NULL,'1-10',0,1964),(45701,NULL,'1-11',0,1964),(45702,NULL,'1-12',0,1964),(45703,NULL,'1-13',0,1964),(45704,NULL,'1-14',0,1964),(45705,NULL,'1-15',0,1964),(45706,NULL,'1-16',0,1964),(45707,NULL,'1-17',0,1964),(45708,NULL,'1-18',0,1964),(45709,NULL,'1-19',0,1964),(45710,NULL,'1-20',0,1964),(45711,NULL,'1-21',0,1964),(45712,NULL,'1-22',0,1964),(45713,NULL,'1-23',0,1964),(45714,NULL,'1-24',0,1964),(45715,NULL,'1-25',0,1964),(45716,NULL,'1-26',0,1964),(45717,NULL,'1-27',0,1964),(45718,NULL,'1-28',0,1964),(45719,NULL,'1-29',0,1964),(45720,NULL,'1-30',0,1964),(45721,NULL,'2-1',0,1965),(45722,'2022-04-08 03:20:14.292000','2-2',1,1965),(45723,'2022-04-08 03:26:46.130000','2-3',1,1965),(45724,'2022-04-08 03:29:02.751000','2-4',1,1965),(45725,NULL,'2-5',0,1965),(45726,NULL,'2-6',0,1965),(45727,NULL,'2-7',0,1965),(45728,NULL,'2-8',0,1965),(45729,NULL,'2-9',0,1965),(45730,NULL,'2-10',0,1965),(45731,NULL,'2-11',0,1965),(45732,NULL,'2-12',0,1965),(45733,NULL,'2-13',0,1965),(45734,NULL,'2-14',0,1965),(45735,NULL,'2-15',0,1965),(45736,NULL,'2-16',0,1965),(45737,NULL,'2-17',0,1965),(45738,NULL,'2-18',0,1965),(45739,NULL,'2-19',0,1965),(45740,NULL,'2-20',0,1965),(45741,NULL,'2-21',0,1965),(45742,NULL,'2-22',0,1965),(45743,NULL,'2-23',0,1965),(45744,NULL,'2-24',0,1965),(45745,NULL,'2-25',0,1965),(45746,NULL,'2-26',0,1965),(45747,NULL,'2-27',0,1965),(45748,NULL,'2-28',0,1965),(45749,NULL,'2-29',0,1965),(45750,NULL,'2-30',0,1965),(45751,NULL,'3-1',0,1966),(45752,NULL,'3-2',0,1966),(45753,NULL,'3-3',0,1966),(45754,NULL,'3-4',0,1966),(45755,NULL,'3-5',0,1966),(45756,NULL,'3-6',0,1966),(45757,NULL,'3-7',0,1966),(45758,NULL,'3-8',0,1966),(45759,NULL,'3-9',0,1966),(45760,NULL,'3-10',0,1966),(45761,NULL,'3-11',0,1966),(45762,NULL,'3-12',0,1966),(45763,NULL,'3-13',0,1966),(45764,NULL,'3-14',0,1966),(45765,NULL,'3-15',0,1966),(45766,NULL,'3-16',0,1966),(45767,NULL,'3-17',0,1966),(45768,NULL,'3-18',0,1966),(45769,NULL,'3-19',0,1966),(45770,NULL,'3-20',0,1966),(45771,NULL,'3-21',0,1966),(45772,NULL,'3-22',0,1966),(45773,NULL,'3-23',0,1966),(45774,NULL,'3-24',0,1966),(45775,NULL,'3-25',0,1966),(45776,NULL,'3-26',0,1966),(45777,NULL,'3-27',0,1966),(45778,NULL,'3-28',0,1966),(45779,NULL,'3-29',0,1966),(45780,NULL,'3-30',0,1966),(45781,NULL,'4-1',0,1967),(45782,NULL,'4-2',0,1967),(45783,NULL,'4-3',0,1967),(45784,NULL,'4-4',0,1967),(45785,NULL,'4-5',0,1967),(45786,NULL,'4-6',0,1967),(45787,NULL,'4-7',0,1967),(45788,NULL,'4-8',0,1967),(45789,NULL,'4-9',0,1967),(45790,NULL,'4-10',0,1967),(45791,NULL,'4-11',0,1967),(45792,NULL,'4-12',0,1967),(45793,NULL,'4-13',0,1967),(45794,NULL,'4-14',0,1967),(45795,NULL,'4-15',0,1967),(45796,NULL,'4-16',0,1967),(45797,NULL,'4-17',0,1967),(45798,NULL,'4-18',0,1967),(45799,NULL,'4-19',0,1967),(45800,NULL,'4-20',0,1967),(45801,NULL,'4-21',0,1967),(45802,NULL,'4-22',0,1967),(45803,NULL,'4-23',0,1967),(45804,NULL,'4-24',0,1967),(45805,NULL,'4-25',0,1967),(45806,NULL,'4-26',0,1967),(45807,NULL,'4-27',0,1967),(45808,NULL,'4-28',0,1967),(45809,NULL,'4-29',0,1967),(45810,NULL,'4-30',0,1967),(45811,NULL,'5-1',0,1968),(45812,NULL,'5-2',0,1968),(45813,NULL,'5-3',0,1968),(45814,NULL,'5-4',0,1968),(45815,NULL,'5-5',0,1968),(45816,NULL,'5-6',0,1968),(45817,NULL,'5-7',0,1968),(45818,NULL,'5-8',0,1968),(45819,NULL,'5-9',0,1968),(45820,NULL,'5-10',0,1968),(45821,NULL,'5-11',0,1968),(45822,NULL,'5-12',0,1968),(45823,NULL,'5-13',0,1968),(45824,NULL,'5-14',0,1968),(45825,NULL,'5-15',0,1968),(45826,NULL,'5-16',0,1968),(45827,NULL,'5-17',0,1968),(45828,NULL,'5-18',0,1968),(45829,NULL,'5-19',0,1968),(45830,NULL,'5-20',0,1968),(45831,NULL,'5-21',0,1968),(45832,NULL,'5-22',0,1968),(45833,NULL,'5-23',0,1968),(45834,NULL,'5-24',0,1968),(45835,NULL,'5-25',0,1968),(45836,NULL,'5-26',0,1968),(45837,NULL,'5-27',0,1968),(45838,NULL,'5-28',0,1968),(45839,NULL,'5-29',0,1968),(45840,NULL,'5-30',0,1968),(45841,NULL,'6-1',0,1969),(45842,NULL,'6-2',0,1969),(45843,NULL,'6-3',0,1969),(45844,NULL,'6-4',0,1969),(45845,NULL,'6-5',0,1969),(45846,NULL,'6-6',0,1969),(45847,NULL,'6-7',0,1969),(45848,NULL,'6-8',0,1969),(45849,NULL,'6-9',0,1969),(45850,NULL,'6-10',0,1969),(45851,NULL,'6-11',0,1969),(45852,NULL,'6-12',0,1969),(45853,NULL,'6-13',0,1969),(45854,NULL,'6-14',0,1969),(45855,NULL,'6-15',0,1969),(45856,NULL,'6-16',0,1969),(45857,NULL,'6-17',0,1969),(45858,NULL,'6-18',0,1969),(45859,NULL,'6-19',0,1969),(45860,NULL,'6-20',0,1969),(45861,NULL,'6-21',0,1969),(45862,NULL,'6-22',0,1969),(45863,NULL,'6-23',0,1969),(45864,NULL,'6-24',0,1969),(45865,NULL,'6-25',0,1969),(45866,NULL,'6-26',0,1969),(45867,NULL,'6-27',0,1969),(45868,NULL,'6-28',0,1969),(45869,NULL,'6-29',0,1969),(45870,NULL,'6-30',0,1969),(45871,NULL,'7-1',0,1970),(45872,NULL,'7-2',0,1970),(45873,NULL,'7-3',0,1970),(45874,NULL,'7-4',0,1970),(45875,NULL,'7-5',0,1970),(45876,NULL,'7-6',0,1970),(45877,NULL,'7-7',0,1970),(45878,NULL,'7-8',0,1970),(45879,NULL,'7-9',0,1970),(45880,NULL,'7-10',0,1970),(45881,NULL,'7-11',0,1970),(45882,NULL,'7-12',0,1970),(45883,NULL,'7-13',0,1970),(45884,NULL,'7-14',0,1970),(45885,NULL,'7-15',0,1970),(45886,NULL,'7-16',0,1970),(45887,NULL,'7-17',0,1970),(45888,NULL,'7-18',0,1970),(45889,NULL,'7-19',0,1970),(45890,NULL,'7-20',0,1970),(45891,NULL,'7-21',0,1970),(45892,NULL,'7-22',0,1970),(45893,NULL,'7-23',0,1970),(45894,NULL,'7-24',0,1970),(45895,NULL,'7-25',0,1970),(45896,NULL,'7-26',0,1970),(45897,NULL,'7-27',0,1970),(45898,NULL,'7-28',0,1970),(45899,NULL,'7-29',0,1970),(45900,NULL,'7-30',0,1970),(45901,NULL,'8-1',0,1971),(45902,NULL,'8-2',0,1971),(45903,NULL,'8-3',0,1971),(45904,NULL,'8-4',0,1971),(45905,NULL,'8-5',0,1971),(45906,NULL,'8-6',0,1971),(45907,NULL,'8-7',0,1971),(45908,NULL,'8-8',0,1971),(45909,NULL,'8-9',0,1971),(45910,NULL,'8-10',0,1971),(45911,NULL,'8-11',0,1971),(45912,NULL,'8-12',0,1971),(45913,NULL,'8-13',0,1971),(45914,NULL,'8-14',0,1971),(45915,NULL,'8-15',0,1971),(45916,NULL,'8-16',0,1971),(45917,NULL,'8-17',0,1971),(45918,NULL,'8-18',0,1971),(45919,NULL,'8-19',0,1971),(45920,NULL,'8-20',0,1971),(45921,NULL,'8-21',0,1971),(45922,NULL,'8-22',0,1971),(45923,NULL,'8-23',0,1971),(45924,NULL,'8-24',0,1971),(45925,NULL,'8-25',0,1971),(45926,NULL,'8-26',0,1971),(45927,NULL,'8-27',0,1971),(45928,NULL,'8-28',0,1971),(45929,NULL,'8-29',0,1971),(45930,NULL,'8-30',0,1971),(45931,NULL,'9-1',0,1972),(45932,NULL,'9-2',0,1972),(45933,NULL,'9-3',0,1972),(45934,NULL,'9-4',0,1972),(45935,NULL,'9-5',0,1972),(45936,NULL,'9-6',0,1972),(45937,NULL,'9-7',0,1972),(45938,NULL,'9-8',0,1972),(45939,NULL,'9-9',0,1972),(45940,NULL,'9-10',0,1972),(45941,NULL,'9-11',0,1972),(45942,NULL,'9-12',0,1972),(45943,NULL,'9-13',0,1972),(45944,NULL,'9-14',0,1972),(45945,NULL,'9-15',0,1972),(45946,NULL,'9-16',0,1972),(45947,NULL,'9-17',0,1972),(45948,NULL,'9-18',0,1972),(45949,NULL,'9-19',0,1972),(45950,NULL,'9-20',0,1972),(45951,NULL,'9-21',0,1972),(45952,NULL,'9-22',0,1972),(45953,NULL,'9-23',0,1972),(45954,NULL,'9-24',0,1972),(45955,NULL,'9-25',0,1972),(45956,NULL,'9-26',0,1972),(45957,NULL,'9-27',0,1972),(45958,NULL,'9-28',0,1972),(45959,NULL,'9-29',0,1972),(45960,NULL,'9-30',0,1972),(45961,NULL,'10-1',0,1973),(45962,NULL,'10-2',0,1973),(45963,NULL,'10-3',0,1973),(45964,NULL,'10-4',0,1973),(45965,NULL,'10-5',0,1973),(45966,NULL,'10-6',0,1973),(45967,NULL,'10-7',0,1973),(45968,NULL,'10-8',0,1973),(45969,NULL,'10-9',0,1973),(45970,NULL,'10-10',0,1973),(45971,NULL,'10-11',0,1973),(45972,NULL,'10-12',0,1973),(45973,NULL,'10-13',0,1973),(45974,NULL,'10-14',0,1973),(45975,NULL,'10-15',0,1973),(45976,NULL,'10-16',0,1973),(45977,NULL,'10-17',0,1973),(45978,NULL,'10-18',0,1973),(45979,NULL,'10-19',0,1973),(45980,NULL,'10-20',0,1973),(45981,NULL,'10-21',0,1973),(45982,NULL,'10-22',0,1973),(45983,NULL,'10-23',0,1973),(45984,NULL,'10-24',0,1973),(45985,NULL,'10-25',0,1973),(45986,NULL,'10-26',0,1973),(45987,NULL,'10-27',0,1973),(45988,NULL,'10-28',0,1973),(45989,NULL,'10-29',0,1973),(45990,NULL,'10-30',0,1973),(45991,NULL,'A-1',0,1974),(45992,NULL,'A-2',0,1974),(45993,NULL,'A-3',0,1974),(45994,NULL,'A-4',0,1974),(45995,NULL,'A-5',0,1974),(45996,NULL,'A-6',0,1974),(45997,NULL,'A-7',0,1974),(45998,NULL,'A-8',0,1974),(45999,NULL,'A-9',0,1974),(46000,NULL,'A-10',0,1974),(46001,NULL,'A-11',0,1974),(46002,NULL,'A-12',0,1974),(46003,NULL,'A-13',0,1974),(46004,NULL,'A-14',0,1974),(46005,NULL,'A-15',0,1974),(46006,NULL,'A-16',0,1974),(46007,NULL,'A-17',0,1974),(46008,NULL,'A-18',0,1974),(46009,NULL,'A-19',0,1974),(46010,NULL,'A-20',0,1974),(46011,NULL,'A-21',0,1974),(46012,NULL,'A-22',0,1974),(46013,NULL,'A-23',0,1974),(46014,NULL,'A-24',0,1974),(46015,NULL,'A-25',0,1974),(46016,NULL,'A-26',0,1974),(46017,NULL,'A-27',0,1974),(46018,NULL,'A-28',0,1974),(46019,NULL,'A-29',0,1974),(46020,NULL,'A-30',0,1974),(46021,NULL,'R-1',0,1975),(46022,NULL,'R-2',0,1975),(46023,NULL,'R-3',0,1975),(46024,NULL,'R-4',0,1975),(46025,NULL,'R-5',0,1975),(46026,NULL,'R-6',0,1975),(46027,NULL,'R-7',0,1975),(46028,NULL,'R-8',0,1975),(46029,NULL,'R-9',0,1975),(46030,NULL,'R-10',0,1975),(46031,NULL,'R-11',0,1975),(46032,NULL,'R-12',0,1975),(46033,NULL,'R-13',0,1975),(46034,NULL,'R-14',0,1975),(46035,NULL,'R-15',0,1975),(46036,NULL,'R-16',0,1975),(46037,NULL,'R-17',0,1975),(46038,NULL,'R-18',0,1975),(46039,NULL,'R-19',0,1975),(46040,NULL,'R-20',0,1975),(46041,'2022-04-08 03:21:14.994000','R-21',1,1975),(46042,NULL,'R-22',0,1975),(46043,NULL,'R-23',0,1975),(46044,NULL,'R-24',0,1975),(46045,NULL,'R-25',0,1975),(46046,NULL,'R-26',0,1975),(46047,NULL,'R-27',0,1975),(46048,NULL,'R-28',0,1975),(46049,NULL,'R-29',0,1975),(46050,NULL,'R-30',0,1975),(46051,NULL,'M-1',0,1976),(46052,NULL,'M-2',0,1976),(46053,NULL,'M-3',0,1976),(46054,NULL,'M-4',0,1976),(46055,NULL,'M-5',0,1976),(46056,NULL,'M-6',0,1976),(46057,NULL,'M-7',0,1976),(46058,NULL,'M-8',0,1976),(46059,NULL,'M-9',0,1976),(46060,NULL,'M-10',0,1976),(46061,NULL,'M-11',0,1976),(46062,NULL,'M-12',0,1976),(46063,NULL,'M-13',0,1976),(46064,NULL,'M-14',0,1976),(46065,NULL,'M-15',0,1976),(46066,NULL,'M-16',0,1976),(46067,NULL,'M-17',0,1976),(46068,NULL,'M-18',0,1976),(46069,NULL,'M-19',0,1976),(46070,NULL,'M-20',0,1976),(46071,NULL,'M-21',0,1976),(46072,NULL,'M-22',0,1976),(46073,NULL,'M-23',0,1976),(46074,NULL,'M-24',0,1976),(46075,NULL,'M-25',0,1976),(46076,NULL,'M-26',0,1976),(46077,NULL,'M-27',0,1976),(46078,NULL,'M-28',0,1976),(46079,NULL,'M-29',0,1976),(46080,NULL,'M-30',0,1976),(46081,NULL,'Y-1',0,1977),(46082,NULL,'Y-2',0,1977),(46083,NULL,'Y-3',0,1977),(46084,NULL,'Y-4',0,1977),(46085,NULL,'Y-5',0,1977),(46086,NULL,'Y-6',0,1977),(46087,NULL,'Y-7',0,1977),(46088,NULL,'Y-8',0,1977),(46089,NULL,'Y-9',0,1977),(46090,NULL,'Y-10',0,1977),(46091,NULL,'Y-11',0,1977),(46092,NULL,'Y-12',0,1977),(46093,NULL,'Y-13',0,1977),(46094,NULL,'Y-14',0,1977),(46095,NULL,'Y-15',0,1977),(46096,NULL,'Y-16',0,1977),(46097,NULL,'Y-17',0,1977),(46098,NULL,'Y-18',0,1977),(46099,NULL,'Y-19',0,1977),(46100,NULL,'Y-20',0,1977),(46101,NULL,'Y-21',0,1977),(46102,NULL,'Y-22',0,1977),(46103,NULL,'Y-23',0,1977),(46104,NULL,'Y-24',0,1977),(46105,NULL,'Y-25',0,1977),(46106,NULL,'Y-26',0,1977),(46107,NULL,'Y-27',0,1977),(46108,NULL,'Y-28',0,1977),(46109,NULL,'Y-29',0,1977),(46110,NULL,'Y-30',0,1977),(46111,NULL,'1-1',0,1978),(46112,NULL,'1-2',0,1978),(46113,NULL,'1-3',0,1978),(46114,NULL,'1-4',0,1978),(46115,NULL,'1-5',0,1978),(46116,NULL,'1-6',0,1978),(46117,NULL,'1-7',0,1978),(46118,NULL,'1-8',0,1978),(46119,NULL,'1-9',0,1978),(46120,NULL,'1-10',0,1978),(46121,NULL,'1-11',0,1978),(46122,NULL,'1-12',0,1978),(46123,NULL,'1-13',0,1978),(46124,NULL,'1-14',0,1978),(46125,NULL,'1-15',0,1978),(46126,NULL,'1-16',0,1978),(46127,NULL,'1-17',0,1978),(46128,NULL,'1-18',0,1978),(46129,NULL,'1-19',0,1978),(46130,NULL,'1-20',0,1978),(46131,NULL,'1-21',0,1978),(46132,NULL,'1-22',0,1978),(46133,NULL,'1-23',0,1978),(46134,NULL,'1-24',0,1978),(46135,NULL,'1-25',0,1978),(46136,NULL,'1-26',0,1978),(46137,NULL,'1-27',0,1978),(46138,NULL,'1-28',0,1978),(46139,NULL,'1-29',0,1978),(46140,NULL,'1-30',0,1978),(46141,NULL,'2-1',0,1979),(46142,NULL,'2-2',0,1979),(46143,NULL,'2-3',0,1979),(46144,NULL,'2-4',0,1979),(46145,NULL,'2-5',0,1979),(46146,NULL,'2-6',0,1979),(46147,NULL,'2-7',0,1979),(46148,NULL,'2-8',0,1979),(46149,NULL,'2-9',0,1979),(46150,NULL,'2-10',0,1979),(46151,NULL,'2-11',0,1979),(46152,NULL,'2-12',0,1979),(46153,NULL,'2-13',0,1979),(46154,NULL,'2-14',0,1979),(46155,NULL,'2-15',0,1979),(46156,NULL,'2-16',0,1979),(46157,NULL,'2-17',0,1979),(46158,NULL,'2-18',0,1979),(46159,NULL,'2-19',0,1979),(46160,NULL,'2-20',0,1979),(46161,NULL,'2-21',0,1979),(46162,NULL,'2-22',0,1979),(46163,NULL,'2-23',0,1979),(46164,NULL,'2-24',0,1979),(46165,NULL,'2-25',0,1979),(46166,NULL,'2-26',0,1979),(46167,NULL,'2-27',0,1979),(46168,NULL,'2-28',0,1979),(46169,NULL,'2-29',0,1979),(46170,NULL,'2-30',0,1979),(46171,NULL,'3-1',0,1980),(46172,NULL,'3-2',0,1980),(46173,NULL,'3-3',0,1980),(46174,NULL,'3-4',0,1980),(46175,NULL,'3-5',0,1980),(46176,NULL,'3-6',0,1980),(46177,NULL,'3-7',0,1980),(46178,NULL,'3-8',0,1980),(46179,NULL,'3-9',0,1980),(46180,NULL,'3-10',0,1980),(46181,NULL,'3-11',0,1980),(46182,NULL,'3-12',0,1980),(46183,NULL,'3-13',0,1980),(46184,NULL,'3-14',0,1980),(46185,NULL,'3-15',0,1980),(46186,NULL,'3-16',0,1980),(46187,NULL,'3-17',0,1980),(46188,NULL,'3-18',0,1980),(46189,NULL,'3-19',0,1980),(46190,NULL,'3-20',0,1980),(46191,NULL,'3-21',0,1980),(46192,NULL,'3-22',0,1980),(46193,NULL,'3-23',0,1980),(46194,NULL,'3-24',0,1980),(46195,NULL,'3-25',0,1980),(46196,NULL,'3-26',0,1980),(46197,NULL,'3-27',0,1980),(46198,NULL,'3-28',0,1980),(46199,NULL,'3-29',0,1980),(46200,NULL,'3-30',0,1980),(46201,NULL,'4-1',0,1981),(46202,NULL,'4-2',0,1981),(46203,NULL,'4-3',0,1981),(46204,NULL,'4-4',0,1981),(46205,NULL,'4-5',0,1981),(46206,NULL,'4-6',0,1981),(46207,NULL,'4-7',0,1981),(46208,NULL,'4-8',0,1981),(46209,NULL,'4-9',0,1981),(46210,NULL,'4-10',0,1981),(46211,NULL,'4-11',0,1981),(46212,NULL,'4-12',0,1981),(46213,NULL,'4-13',0,1981),(46214,NULL,'4-14',0,1981),(46215,NULL,'4-15',0,1981),(46216,NULL,'4-16',0,1981),(46217,NULL,'4-17',0,1981),(46218,NULL,'4-18',0,1981),(46219,NULL,'4-19',0,1981),(46220,NULL,'4-20',0,1981),(46221,NULL,'4-21',0,1981),(46222,NULL,'4-22',0,1981),(46223,NULL,'4-23',0,1981),(46224,NULL,'4-24',0,1981),(46225,NULL,'4-25',0,1981),(46226,NULL,'4-26',0,1981),(46227,NULL,'4-27',0,1981),(46228,NULL,'4-28',0,1981),(46229,NULL,'4-29',0,1981),(46230,NULL,'4-30',0,1981),(46231,NULL,'5-1',0,1982),(46232,NULL,'5-2',0,1982),(46233,NULL,'5-3',0,1982),(46234,NULL,'5-4',0,1982),(46235,NULL,'5-5',0,1982),(46236,NULL,'5-6',0,1982),(46237,NULL,'5-7',0,1982),(46238,NULL,'5-8',0,1982),(46239,NULL,'5-9',0,1982),(46240,NULL,'5-10',0,1982),(46241,NULL,'5-11',0,1982),(46242,NULL,'5-12',0,1982),(46243,NULL,'5-13',0,1982),(46244,NULL,'5-14',0,1982),(46245,NULL,'5-15',0,1982),(46246,NULL,'5-16',0,1982),(46247,NULL,'5-17',0,1982),(46248,NULL,'5-18',0,1982),(46249,NULL,'5-19',0,1982),(46250,NULL,'5-20',0,1982),(46251,NULL,'5-21',0,1982),(46252,NULL,'5-22',0,1982),(46253,NULL,'5-23',0,1982),(46254,NULL,'5-24',0,1982),(46255,NULL,'5-25',0,1982),(46256,NULL,'5-26',0,1982),(46257,NULL,'5-27',0,1982),(46258,NULL,'5-28',0,1982),(46259,NULL,'5-29',0,1982),(46260,NULL,'5-30',0,1982),(46261,NULL,'6-1',0,1983),(46262,NULL,'6-2',0,1983),(46263,NULL,'6-3',0,1983),(46264,NULL,'6-4',0,1983),(46265,NULL,'6-5',0,1983),(46266,NULL,'6-6',0,1983),(46267,NULL,'6-7',0,1983),(46268,NULL,'6-8',0,1983),(46269,NULL,'6-9',0,1983),(46270,NULL,'6-10',0,1983),(46271,NULL,'6-11',0,1983),(46272,NULL,'6-12',0,1983),(46273,NULL,'6-13',0,1983),(46274,NULL,'6-14',0,1983),(46275,NULL,'6-15',0,1983),(46276,NULL,'6-16',0,1983),(46277,NULL,'6-17',0,1983),(46278,NULL,'6-18',0,1983),(46279,NULL,'6-19',0,1983),(46280,NULL,'6-20',0,1983),(46281,NULL,'6-21',0,1983),(46282,NULL,'6-22',0,1983),(46283,NULL,'6-23',0,1983),(46284,NULL,'6-24',0,1983),(46285,NULL,'6-25',0,1983),(46286,NULL,'6-26',0,1983),(46287,NULL,'6-27',0,1983),(46288,NULL,'6-28',0,1983),(46289,NULL,'6-29',0,1983),(46290,NULL,'6-30',0,1983),(46291,NULL,'7-1',0,1984),(46292,NULL,'7-2',0,1984),(46293,NULL,'7-3',0,1984),(46294,NULL,'7-4',0,1984),(46295,NULL,'7-5',0,1984),(46296,NULL,'7-6',0,1984),(46297,NULL,'7-7',0,1984),(46298,NULL,'7-8',0,1984),(46299,NULL,'7-9',0,1984),(46300,NULL,'7-10',0,1984),(46301,NULL,'7-11',0,1984),(46302,NULL,'7-12',0,1984),(46303,NULL,'7-13',0,1984),(46304,NULL,'7-14',0,1984),(46305,NULL,'7-15',0,1984),(46306,NULL,'7-16',0,1984),(46307,NULL,'7-17',0,1984),(46308,NULL,'7-18',0,1984),(46309,NULL,'7-19',0,1984),(46310,NULL,'7-20',0,1984),(46311,NULL,'7-21',0,1984),(46312,NULL,'7-22',0,1984),(46313,NULL,'7-23',0,1984),(46314,NULL,'7-24',0,1984),(46315,NULL,'7-25',0,1984),(46316,NULL,'7-26',0,1984),(46317,NULL,'7-27',0,1984),(46318,NULL,'7-28',0,1984),(46319,NULL,'7-29',0,1984),(46320,NULL,'7-30',0,1984),(46321,NULL,'8-1',0,1985),(46322,NULL,'8-2',0,1985),(46323,NULL,'8-3',0,1985),(46324,NULL,'8-4',0,1985),(46325,NULL,'8-5',0,1985),(46326,NULL,'8-6',0,1985),(46327,NULL,'8-7',0,1985),(46328,NULL,'8-8',0,1985),(46329,NULL,'8-9',0,1985),(46330,NULL,'8-10',0,1985),(46331,NULL,'8-11',0,1985),(46332,NULL,'8-12',0,1985),(46333,NULL,'8-13',0,1985),(46334,NULL,'8-14',0,1985),(46335,NULL,'8-15',0,1985),(46336,NULL,'8-16',0,1985),(46337,NULL,'8-17',0,1985),(46338,NULL,'8-18',0,1985),(46339,NULL,'8-19',0,1985),(46340,NULL,'8-20',0,1985),(46341,NULL,'8-21',0,1985),(46342,NULL,'8-22',0,1985),(46343,NULL,'8-23',0,1985),(46344,NULL,'8-24',0,1985),(46345,NULL,'8-25',0,1985),(46346,NULL,'8-26',0,1985),(46347,NULL,'8-27',0,1985),(46348,NULL,'8-28',0,1985),(46349,NULL,'8-29',0,1985),(46350,NULL,'8-30',0,1985),(46351,NULL,'9-1',0,1986),(46352,NULL,'9-2',0,1986),(46353,NULL,'9-3',0,1986),(46354,NULL,'9-4',0,1986),(46355,NULL,'9-5',0,1986),(46356,NULL,'9-6',0,1986),(46357,NULL,'9-7',0,1986),(46358,NULL,'9-8',0,1986),(46359,NULL,'9-9',0,1986),(46360,NULL,'9-10',0,1986),(46361,NULL,'9-11',0,1986),(46362,NULL,'9-12',0,1986),(46363,NULL,'9-13',0,1986),(46364,NULL,'9-14',0,1986),(46365,NULL,'9-15',0,1986),(46366,NULL,'9-16',0,1986),(46367,NULL,'9-17',0,1986),(46368,NULL,'9-18',0,1986),(46369,NULL,'9-19',0,1986),(46370,NULL,'9-20',0,1986),(46371,NULL,'9-21',0,1986),(46372,NULL,'9-22',0,1986),(46373,NULL,'9-23',0,1986),(46374,NULL,'9-24',0,1986),(46375,NULL,'9-25',0,1986),(46376,NULL,'9-26',0,1986),(46377,NULL,'9-27',0,1986),(46378,NULL,'9-28',0,1986),(46379,NULL,'9-29',0,1986),(46380,NULL,'9-30',0,1986),(46381,NULL,'10-1',0,1987),(46382,NULL,'10-2',0,1987),(46383,NULL,'10-3',0,1987),(46384,NULL,'10-4',0,1987),(46385,NULL,'10-5',0,1987),(46386,NULL,'10-6',0,1987),(46387,NULL,'10-7',0,1987),(46388,NULL,'10-8',0,1987),(46389,NULL,'10-9',0,1987),(46390,NULL,'10-10',0,1987),(46391,NULL,'10-11',0,1987),(46392,NULL,'10-12',0,1987),(46393,NULL,'10-13',0,1987),(46394,NULL,'10-14',0,1987),(46395,NULL,'10-15',0,1987),(46396,NULL,'10-16',0,1987),(46397,NULL,'10-17',0,1987),(46398,NULL,'10-18',0,1987),(46399,NULL,'10-19',0,1987),(46400,NULL,'10-20',0,1987),(46401,NULL,'10-21',0,1987),(46402,NULL,'10-22',0,1987),(46403,NULL,'10-23',0,1987),(46404,NULL,'10-24',0,1987),(46405,NULL,'10-25',0,1987),(46406,NULL,'10-26',0,1987),(46407,NULL,'10-27',0,1987),(46408,NULL,'10-28',0,1987),(46409,NULL,'10-29',0,1987),(46410,NULL,'10-30',0,1987),(46411,NULL,'A-1',0,1988),(46412,NULL,'A-2',0,1988),(46413,NULL,'A-3',0,1988),(46414,NULL,'A-4',0,1988),(46415,NULL,'A-5',0,1988),(46416,NULL,'A-6',0,1988),(46417,NULL,'A-7',0,1988),(46418,NULL,'A-8',0,1988),(46419,NULL,'A-9',0,1988),(46420,NULL,'A-10',0,1988),(46421,NULL,'A-11',0,1988),(46422,NULL,'A-12',0,1988),(46423,NULL,'A-13',0,1988),(46424,NULL,'A-14',0,1988),(46425,NULL,'A-15',0,1988),(46426,NULL,'A-16',0,1988),(46427,NULL,'A-17',0,1988),(46428,NULL,'A-18',0,1988),(46429,NULL,'A-19',0,1988),(46430,NULL,'A-20',0,1988),(46431,NULL,'A-21',0,1988),(46432,NULL,'A-22',0,1988),(46433,NULL,'A-23',0,1988),(46434,NULL,'A-24',0,1988),(46435,NULL,'A-25',0,1988),(46436,NULL,'A-26',0,1988),(46437,NULL,'A-27',0,1988),(46438,NULL,'A-28',0,1988),(46439,NULL,'A-29',0,1988),(46440,NULL,'A-30',0,1988),(46441,NULL,'R-1',0,1989),(46442,NULL,'R-2',0,1989),(46443,NULL,'R-3',0,1989),(46444,NULL,'R-4',0,1989),(46445,NULL,'R-5',0,1989),(46446,NULL,'R-6',0,1989),(46447,NULL,'R-7',0,1989),(46448,NULL,'R-8',0,1989),(46449,NULL,'R-9',0,1989),(46450,NULL,'R-10',0,1989),(46451,NULL,'R-11',0,1989),(46452,NULL,'R-12',0,1989),(46453,NULL,'R-13',0,1989),(46454,NULL,'R-14',0,1989),(46455,NULL,'R-15',0,1989),(46456,NULL,'R-16',0,1989),(46457,NULL,'R-17',0,1989),(46458,NULL,'R-18',0,1989),(46459,NULL,'R-19',0,1989),(46460,NULL,'R-20',0,1989),(46461,NULL,'R-21',0,1989),(46462,NULL,'R-22',0,1989),(46463,NULL,'R-23',0,1989),(46464,NULL,'R-24',0,1989),(46465,NULL,'R-25',0,1989),(46466,NULL,'R-26',0,1989),(46467,NULL,'R-27',0,1989),(46468,NULL,'R-28',0,1989),(46469,NULL,'R-29',0,1989),(46470,NULL,'R-30',0,1989),(46471,NULL,'M-1',0,1990),(46472,NULL,'M-2',0,1990),(46473,NULL,'M-3',0,1990),(46474,NULL,'M-4',0,1990),(46475,NULL,'M-5',0,1990),(46476,NULL,'M-6',0,1990),(46477,NULL,'M-7',0,1990),(46478,NULL,'M-8',0,1990),(46479,NULL,'M-9',0,1990),(46480,NULL,'M-10',0,1990),(46481,NULL,'M-11',0,1990),(46482,NULL,'M-12',0,1990),(46483,NULL,'M-13',0,1990),(46484,NULL,'M-14',0,1990),(46485,NULL,'M-15',0,1990),(46486,NULL,'M-16',0,1990),(46487,NULL,'M-17',0,1990),(46488,NULL,'M-18',0,1990),(46489,NULL,'M-19',0,1990),(46490,NULL,'M-20',0,1990),(46491,NULL,'M-21',0,1990),(46492,NULL,'M-22',0,1990),(46493,NULL,'M-23',0,1990),(46494,NULL,'M-24',0,1990),(46495,NULL,'M-25',0,1990),(46496,NULL,'M-26',0,1990),(46497,NULL,'M-27',0,1990),(46498,NULL,'M-28',0,1990),(46499,NULL,'M-29',0,1990),(46500,NULL,'M-30',0,1990),(46501,NULL,'Y-1',0,1991),(46502,NULL,'Y-2',0,1991),(46503,NULL,'Y-3',0,1991),(46504,NULL,'Y-4',0,1991),(46505,NULL,'Y-5',0,1991),(46506,NULL,'Y-6',0,1991),(46507,NULL,'Y-7',0,1991),(46508,NULL,'Y-8',0,1991),(46509,NULL,'Y-9',0,1991),(46510,NULL,'Y-10',0,1991),(46511,NULL,'Y-11',0,1991),(46512,NULL,'Y-12',0,1991),(46513,NULL,'Y-13',0,1991),(46514,NULL,'Y-14',0,1991),(46515,NULL,'Y-15',0,1991),(46516,NULL,'Y-16',0,1991),(46517,NULL,'Y-17',0,1991),(46518,NULL,'Y-18',0,1991),(46519,NULL,'Y-19',0,1991),(46520,NULL,'Y-20',0,1991),(46521,NULL,'Y-21',0,1991),(46522,NULL,'Y-22',0,1991),(46523,NULL,'Y-23',0,1991),(46524,NULL,'Y-24',0,1991),(46525,NULL,'Y-25',0,1991),(46526,NULL,'Y-26',0,1991),(46527,NULL,'Y-27',0,1991),(46528,NULL,'Y-28',0,1991),(46529,NULL,'Y-29',0,1991),(46530,NULL,'Y-30',0,1991);
/*!40000 ALTER TABLE `seat` ENABLE KEYS */;
UNLOCK TABLES;

--
-- Table structure for table `section`
--

DROP TABLE IF EXISTS `section`;
/*!40101 SET @saved_cs_client     = @@character_set_client */;
/*!50503 SET character_set_client = utf8mb4 */;
CREATE TABLE `section` (
  `section_id` bigint NOT NULL AUTO_INCREMENT,
  `name` varchar(255) COLLATE utf8mb4_unicode_ci DEFAULT NULL,
  `times_id` bigint DEFAULT NULL,
  PRIMARY KEY (`section_id`),
  KEY `FKtj96wiyhoyrq92snj907spvl5` (`times_id`),
  CONSTRAINT `FKtj96wiyhoyrq92snj907spvl5` FOREIGN KEY (`times_id`) REFERENCES `times` (`times_id`)
) ENGINE=InnoDB AUTO_INCREMENT=1992 DEFAULT CHARSET=utf8mb4 COLLATE=utf8mb4_unicode_ci;
/*!40101 SET character_set_client = @saved_cs_client */;

--
-- Dumping data for table `section`
--

LOCK TABLES `section` WRITE;
/*!40000 ALTER TABLE `section` DISABLE KEYS */;
INSERT INTO `section` VALUES (1673,'3',127),(1674,'4',127),(1675,'5',127),(1676,'6',127),(1677,'7',127),(1678,'8',127),(1679,'9',127),(1680,'10',127),(1681,'11',127),(1682,'12',127),(1683,'13',127),(1684,'14',127),(1685,'A',127),(1686,'B',127),(1687,'C',127),(1688,'D',127),(1689,'E',127),(1690,'3',128),(1691,'4',128),(1692,'5',128),(1693,'6',128),(1694,'7',128),(1695,'8',128),(1696,'9',128),(1697,'10',128),(1698,'11',128),(1699,'12',128),(1700,'13',128),(1701,'14',128),(1702,'A',128),(1703,'B',128),(1704,'C',128),(1705,'D',128),(1706,'E',128),(1707,'3',129),(1708,'4',129),(1709,'5',129),(1710,'6',129),(1711,'7',129),(1712,'8',129),(1713,'9',129),(1714,'10',129),(1715,'11',129),(1716,'12',129),(1717,'13',129),(1718,'14',129),(1719,'A',129),(1720,'B',129),(1721,'C',129),(1722,'D',129),(1723,'E',129),(1775,'1',133),(1776,'2',133),(1777,'3',133),(1778,'4',133),(1779,'5',133),(1780,'6',133),(1781,'7',133),(1782,'8',133),(1783,'9',133),(1784,'10',133),(1785,'11',133),(1786,'12',133),(1787,'13',133),(1788,'14',133),(1789,'15',133),(1790,'16',133),(1791,'17',133),(1792,'18',133),(1793,'A',133),(1794,'B',133),(1795,'C',133),(1796,'D',133),(1797,'E',133),(1798,'F',133),(1799,'G',133),(1800,'H',133),(1801,'1',134),(1802,'2',134),(1803,'3',134),(1804,'4',134),(1805,'5',134),(1806,'6',134),(1807,'7',134),(1808,'8',134),(1809,'9',134),(1810,'10',134),(1811,'11',134),(1812,'12',134),(1813,'13',134),(1814,'14',134),(1815,'15',134),(1816,'16',134),(1817,'17',134),(1818,'18',134),(1819,'A',134),(1820,'B',134),(1821,'C',134),(1822,'D',134),(1823,'E',134),(1824,'F',134),(1825,'G',134),(1826,'H',134),(1827,'가',135),(1828,'나',135),(1829,'다',135),(1830,'라',135),(1831,'B1',135),(1832,'B2',135),(1833,'D1',135),(1834,'D2',135),(1835,'가',136),(1836,'나',136),(1837,'다',136),(1838,'라',136),(1839,'B1',136),(1840,'B2',136),(1841,'D1',136),(1842,'D2',136),(1843,'A',137),(1844,'B',137),(1845,'가',137),(1846,'나',137),(1847,'나',138),(1848,'나',139),(1849,'나',140),(1850,'나',141),(1851,'나',142),(1852,'나',143),(1853,'나',144),(1854,'나',145),(1885,'A',155),(1886,'B',155),(1887,'C',155),(1888,'D',155),(1889,'E',155),(1890,'A',156),(1891,'B',156),(1892,'C',156),(1893,'D',156),(1894,'E',156),(1895,'A',157),(1896,'B',157),(1897,'C',157),(1898,'D',157),(1899,'E',157),(1900,'1',158),(1901,'2',158),(1902,'3',158),(1903,'4',158),(1904,'5',158),(1905,'6',158),(1906,'7',158),(1907,'8',158),(1908,'9',158),(1909,'10',158),(1910,'A',158),(1911,'B',158),(1912,'C',158),(1913,'D',158),(1914,'1',159),(1915,'2',159),(1916,'3',159),(1917,'4',159),(1918,'5',159),(1919,'6',159),(1920,'7',159),(1921,'8',159),(1922,'9',159),(1923,'10',159),(1924,'A',159),(1925,'B',159),(1926,'C',159),(1927,'D',159),(1928,'1',160),(1929,'2',160),(1930,'3',160),(1931,'4',160),(1932,'5',160),(1933,'6',160),(1934,'7',160),(1935,'8',160),(1936,'9',160),(1937,'10',160),(1938,'11',160),(1939,'12',160),(1940,'13',160),(1941,'14',160),(1942,'A',160),(1943,'R',160),(1944,'M',160),(1945,'Y',160),(1946,'1',161),(1947,'2',161),(1948,'3',161),(1949,'4',161),(1950,'5',161),(1951,'6',161),(1952,'7',161),(1953,'8',161),(1954,'9',161),(1955,'10',161),(1956,'11',161),(1957,'12',161),(1958,'13',161),(1959,'14',161),(1960,'A',161),(1961,'R',161),(1962,'M',161),(1963,'Y',161),(1964,'1',162),(1965,'2',162),(1966,'3',162),(1967,'4',162),(1968,'5',162),(1969,'6',162),(1970,'7',162),(1971,'8',162),(1972,'9',162),(1973,'10',162),(1974,'A',162),(1975,'R',162),(1976,'M',162),(1977,'Y',162),(1978,'1',163),(1979,'2',163),(1980,'3',163),(1981,'4',163),(1982,'5',163),(1983,'6',163),(1984,'7',163),(1985,'8',163),(1986,'9',163),(1987,'10',163),(1988,'A',163),(1989,'R',163),(1990,'M',163),(1991,'Y',163);
/*!40000 ALTER TABLE `section` ENABLE KEYS */;
UNLOCK TABLES;

--
-- Table structure for table `times`
--

DROP TABLE IF EXISTS `times`;
/*!40101 SET @saved_cs_client     = @@character_set_client */;
/*!50503 SET character_set_client = utf8mb4 */;
CREATE TABLE `times` (
  `times_id` bigint NOT NULL AUTO_INCREMENT,
  `date` varchar(255) COLLATE utf8mb4_unicode_ci DEFAULT NULL,
  `concert_id` bigint DEFAULT NULL,
  PRIMARY KEY (`times_id`),
  KEY `FKqkhr7kx4y609s5sovnc2qfm95` (`concert_id`),
  CONSTRAINT `FKqkhr7kx4y609s5sovnc2qfm95` FOREIGN KEY (`concert_id`) REFERENCES `concert` (`concert_id`)
) ENGINE=InnoDB AUTO_INCREMENT=164 DEFAULT CHARSET=utf8mb4 COLLATE=utf8mb4_unicode_ci;
/*!40101 SET character_set_client = @saved_cs_client */;

--
-- Dumping data for table `times`
--

LOCK TABLES `times` WRITE;
/*!40000 ALTER TABLE `times` DISABLE KEYS */;
INSERT INTO `times` VALUES (127,'2022-04-151400',63),(128,'2022-04-161400',63),(129,'2022-04-162200',63),(133,'2022-07-151900',65),(134,'2022-07-161900',65),(135,'2022-05-151800',66),(136,'2022-05-161800',66),(137,'2022-05-101200',67),(138,'2022-07-172000',69),(139,'2022-07-181800',69),(140,'2022-07-191700',69),(141,'2022-07-272000',70),(142,'2022-07-281800',70),(143,'2022-07-291700',70),(144,'2022-07-292000',72),(145,'2022-07-302000',72),(155,'2022-04-080900',76),(156,'2022-04-091400',76),(157,'2022-04-102200',76),(158,'2022-04-080900',77),(159,'2022-04-091900',77),(160,'2022-04-080900',79),(161,'2022-04-091900',79),(162,'2022-04-080900',80),(163,'2022-04-091900',80);
/*!40000 ALTER TABLE `times` ENABLE KEYS */;
UNLOCK TABLES;

--
-- Table structure for table `uri_data`
--

DROP TABLE IF EXISTS `uri_data`;
/*!40101 SET @saved_cs_client     = @@character_set_client */;
/*!50503 SET character_set_client = utf8mb4 */;
CREATE TABLE `uri_data` (
  `id` bigint NOT NULL AUTO_INCREMENT,
  `area` varchar(255) COLLATE utf8mb4_unicode_ci DEFAULT NULL,
  `artists` varchar(255) COLLATE utf8mb4_unicode_ci DEFAULT NULL,
  `date` varchar(255) COLLATE utf8mb4_unicode_ci DEFAULT NULL,
  `img` varchar(255) COLLATE utf8mb4_unicode_ci DEFAULT NULL,
  `place` varchar(255) COLLATE utf8mb4_unicode_ci DEFAULT NULL,
  `price` varchar(255) COLLATE utf8mb4_unicode_ci DEFAULT NULL,
  `seat` varchar(255) COLLATE utf8mb4_unicode_ci DEFAULT NULL,
  `time` varchar(255) COLLATE utf8mb4_unicode_ci DEFAULT NULL,
  `title` varchar(255) COLLATE utf8mb4_unicode_ci DEFAULT NULL,
  PRIMARY KEY (`id`)
) ENGINE=InnoDB AUTO_INCREMENT=97 DEFAULT CHARSET=utf8mb4 COLLATE=utf8mb4_unicode_ci;
/*!40101 SET character_set_client = @saved_cs_client */;

--
-- Dumping data for table `uri_data`
--

LOCK TABLES `uri_data` WRITE;
/*!40000 ALTER TABLE `uri_data` DISABLE KEYS */;
INSERT INTO `uri_data` VALUES (1,'5','[{\"id\":31,\"name\":\"RedVelvet\"}]','2022-04-06','{\"gif\":\"http://j6b108.p.ssafy.io:9090/files/URIImg/67f423d2-99fd-4147-8e54-a8ed9bd04f28_yeri.gif\",\"mp4\":\"http://j6b108.p.ssafy.io:9090/files/URIImg/14158be5-cd7a-4208-87af-79cbc6c43db0_yeri.mp4\"}','서울 올림픽 공원','10','{\"id\":25948,\"seat\":\"12\",\"status\":0}','14:00','The ReVe Festival'),(2,'5','[{\"id\":31,\"name\":\"RedVelvet\"}]','2022-04-06','{\"gif\":\"http://j6b108.p.ssafy.io:9090/files/URIImg/5bf5f272-fee3-4e5a-b601-6d317b9300ce_irin.gif\",\"mp4\":\"http://j6b108.p.ssafy.io:9090/files/URIImg/85a90a99-8b77-4e2f-931b-6bd5e145614b_irin.mp4\"}','서울 올림픽 공원','10','{\"id\":25948,\"seat\":\"12\",\"status\":0}','14:00','The ReVe Festival'),(3,'5','[{\"id\":31,\"name\":\"RedVelvet\"}]','2022-04-06','{\"gif\":\"http://j6b108.p.ssafy.io:9090/files/URIImg/67f423d2-99fd-4147-8e54-a8ed9bd04f28_yeri.gif\",\"mp4\":\"http://j6b108.p.ssafy.io:9090/files/URIImg/14158be5-cd7a-4208-87af-79cbc6c43db0_yeri.mp4\"}','서울 올림픽 공원','10','{\"id\":25948,\"seat\":\"12\",\"status\":0}','14:00','The ReVe Festival'),(4,'5','[{\"id\":31,\"name\":\"RedVelvet\"}]','2022-04-06','{\"gif\":\"http://j6b108.p.ssafy.io:9090/files/URIImg/23b49dea-cf68-4b96-92e6-fb89c8de3025_sulgi.gif\",\"mp4\":\"http://j6b108.p.ssafy.io:9090/files/URIImg/7f059f72-4ef4-41c6-a43a-939078c850a6_sulgi.mp4\"}','서울 올림픽 공원','10','{\"id\":25948,\"seat\":\"12\",\"status\":0}','14:00','The ReVe Festival'),(5,'5','[{\"id\":31,\"name\":\"RedVelvet\"}]','2022-04-06','{\"gif\":\"http://j6b108.p.ssafy.io:9090/files/URIImg/5bf5f272-fee3-4e5a-b601-6d317b9300ce_irin.gif\",\"mp4\":\"http://j6b108.p.ssafy.io:9090/files/URIImg/85a90a99-8b77-4e2f-931b-6bd5e145614b_irin.mp4\"}','서울 올림픽 공원','10','{\"id\":25948,\"seat\":\"12\",\"status\":0}','14:00','The ReVe Festival'),(6,'3','[{\"id\":31,\"name\":\"RedVelvet\"}]','2022-04-06','{\"gif\":\"http://j6b108.p.ssafy.io:9090/files/URIImg/5bf5f272-fee3-4e5a-b601-6d317b9300ce_irin.gif\",\"mp4\":\"http://j6b108.p.ssafy.io:9090/files/URIImg/85a90a99-8b77-4e2f-931b-6bd5e145614b_irin.mp4\"}','서울 올림픽 공원','10','{\"id\":26348,\"seat\":\"12\",\"status\":0}','22:00','The ReVe Festival'),(7,'3','[{\"id\":31,\"name\":\"RedVelvet\"}]','2022-04-06','{\"gif\":\"http://j6b108.p.ssafy.io:9090/files/URIImg/c82d7133-45e3-4e80-8c73-d9a85189fb98_wendy.gif\",\"mp4\":\"http://j6b108.p.ssafy.io:9090/files/URIImg/1daac042-dc74-499e-8fa0-1e10ee58111d_wendy.mp4\"}','서울 올림픽 공원','10','{\"id\":26348,\"seat\":\"12\",\"status\":0}','22:00','The ReVe Festival'),(8,'1','[{\"id\":32,\"name\":\"Brave_Girls\"}]','2022-01-15','{\"gif\":\"http://j6b108.p.ssafy.io:9090/files/URIImg/f3e46197-2380-45a7-8ae5-8c45ae4f8637_1.gif\",\"mp4\":\"http://j6b108.p.ssafy.io:9090/files/URIImg/9da8264f-e9e6-412d-85a2-6a02e1cb839a_1.mp4\"}','올림픽공원 올림픽홀','12','{\"id\":26777,\"seat\":\"1\",\"status\":0}','18:00','2022 Brave Girls 1st CONCERT ［THE BRAVE GIRLS SHOW］'),(9,'1','[{\"id\":32,\"name\":\"Brave_Girls\"}]','2022-01-15','{\"gif\":\"http://j6b108.p.ssafy.io:9090/files/URIImg/f3e46197-2380-45a7-8ae5-8c45ae4f8637_1.gif\",\"mp4\":\"http://j6b108.p.ssafy.io:9090/files/URIImg/9da8264f-e9e6-412d-85a2-6a02e1cb839a_1.mp4\"}','올림픽공원 올림픽홀','12','{\"id\":26778,\"seat\":\"2\",\"status\":0}','18:00','2022 Brave Girls 1st CONCERT ［THE BRAVE GIRLS SHOW］'),(10,'1','[{\"id\":32,\"name\":\"Brave_Girls\"}]','2022-01-15','{\"gif\":\"http://j6b108.p.ssafy.io:9090/files/URIImg/dd94baee-e8fc-4a3c-979e-fe849a7b12b5_2.gif\",\"mp4\":\"http://j6b108.p.ssafy.io:9090/files/URIImg/ca8033cd-0dd4-486e-932d-036042e1bbc3_2.mp4\"}','올림픽공원 올림픽홀','12','{\"id\":26779,\"seat\":\"3\",\"status\":0}','18:00','2022 Brave Girls 1st CONCERT ［THE BRAVE GIRLS SHOW］'),(11,'1','[{\"id\":32,\"name\":\"Brave_Girls\"}]','2022-01-15','{\"gif\":\"http://j6b108.p.ssafy.io:9090/files/URIImg/5fd90fb6-c393-49d7-b3f3-27b91ba867c6_3.gif\",\"mp4\":\"http://j6b108.p.ssafy.io:9090/files/URIImg/98131de8-e712-402e-bd46-c202cab267d1_3.mp4\"}','올림픽공원 올림픽홀','12','{\"id\":26780,\"seat\":\"4\",\"status\":0}','18:00','2022 Brave Girls 1st CONCERT ［THE BRAVE GIRLS SHOW］'),(12,'1','[{\"id\":32,\"name\":\"Brave_Girls\"}]','2022-01-15','{\"gif\":\"http://j6b108.p.ssafy.io:9090/files/URIImg/dd94baee-e8fc-4a3c-979e-fe849a7b12b5_2.gif\",\"mp4\":\"http://j6b108.p.ssafy.io:9090/files/URIImg/ca8033cd-0dd4-486e-932d-036042e1bbc3_2.mp4\"}','올림픽공원 올림픽홀','12','{\"id\":26781,\"seat\":\"5\",\"status\":0}','18:00','2022 Brave Girls 1st CONCERT ［THE BRAVE GIRLS SHOW］'),(13,'1','[{\"id\":32,\"name\":\"Brave_Girls\"}]','2022-01-15','{\"gif\":\"http://j6b108.p.ssafy.io:9090/files/URIImg/f3e46197-2380-45a7-8ae5-8c45ae4f8637_1.gif\",\"mp4\":\"http://j6b108.p.ssafy.io:9090/files/URIImg/9da8264f-e9e6-412d-85a2-6a02e1cb839a_1.mp4\"}','올림픽공원 올림픽홀','12','{\"id\":26782,\"seat\":\"6\",\"status\":0}','18:00','2022 Brave Girls 1st CONCERT ［THE BRAVE GIRLS SHOW］'),(14,'1','[{\"id\":32,\"name\":\"Brave_Girls\"}]','2022-01-16','{\"gif\":\"http://j6b108.p.ssafy.io:9090/files/URIImg/dd94baee-e8fc-4a3c-979e-fe849a7b12b5_2.gif\",\"mp4\":\"http://j6b108.p.ssafy.io:9090/files/URIImg/ca8033cd-0dd4-486e-932d-036042e1bbc3_2.mp4\"}','올림픽공원 올림픽홀','12','{\"id\":26808,\"seat\":\"12\",\"status\":0}','18:00','2022 Brave Girls 1st CONCERT ［THE BRAVE GIRLS SHOW］'),(15,'1','[{\"id\":32,\"name\":\"Brave_Girls\"}]','2022-01-15','{\"gif\":\"http://j6b108.p.ssafy.io:9090/files/URIImg/dd94baee-e8fc-4a3c-979e-fe849a7b12b5_2.gif\",\"mp4\":\"http://j6b108.p.ssafy.io:9090/files/URIImg/ca8033cd-0dd4-486e-932d-036042e1bbc3_2.mp4\"}','올림픽공원 올림픽홀','12','{\"id\":26783,\"seat\":\"7\",\"status\":0}','18:00','2022 Brave Girls 1st CONCERT ［THE BRAVE GIRLS SHOW］'),(16,'1','[{\"id\":32,\"name\":\"Brave_Girls\"}]','2022-01-15','{\"gif\":\"http://j6b108.p.ssafy.io:9090/files/URIImg/5fd90fb6-c393-49d7-b3f3-27b91ba867c6_3.gif\",\"mp4\":\"http://j6b108.p.ssafy.io:9090/files/URIImg/98131de8-e712-402e-bd46-c202cab267d1_3.mp4\"}','올림픽공원 올림픽홀','12','{\"id\":26784,\"seat\":\"8\",\"status\":0}','18:00','2022 Brave Girls 1st CONCERT ［THE BRAVE GIRLS SHOW］'),(17,'1','[{\"id\":32,\"name\":\"Brave_Girls\"}]','2022-01-16','{\"gif\":\"http://j6b108.p.ssafy.io:9090/files/URIImg/dd94baee-e8fc-4a3c-979e-fe849a7b12b5_2.gif\",\"mp4\":\"http://j6b108.p.ssafy.io:9090/files/URIImg/ca8033cd-0dd4-486e-932d-036042e1bbc3_2.mp4\"}','올림픽공원 올림픽홀','12','{\"id\":26797,\"seat\":\"1\",\"status\":0}','18:00','2022 Brave Girls 1st CONCERT ［THE BRAVE GIRLS SHOW］'),(18,'1','[{\"id\":34,\"name\":\"123\"}]','2020-02-02','{\"gif\":\"http://j6b108.p.ssafy.io:9090/files/URIImg/cd7a19c5-69a2-4439-8acb-02d421dc984d_0h2.gif\",\"mp4\":\"http://j6b108.p.ssafy.io:9090/files/URIImg/74bb2d15-f1ad-4ec9-afd9-9a0cfa9ed563_ezgif.com-gif-maker (23).mp4\"}','123213123132','1','{\"id\":26848,\"seat\":\"12\",\"status\":0}','00:00','asfsdfasdfasdfas'),(19,'가','[{\"id\":39,\"name\":\"BRAVE_GIRLS\"}]','2022-01-15','{\"gif\":\"http://j6b108.p.ssafy.io:9090/files/URIImg/6ca24edd-b73f-41e5-bafd-d3c5fd26f18b_2.gif\",\"mp4\":\"http://j6b108.p.ssafy.io:9090/files/URIImg/ea2a9991-1a4f-46fe-bc11-d307c0eb438a_2.mp4\"}','올림픽공원 올림픽홀','10','{\"id\":28177,\"seat\":\"1\",\"status\":0}','18:00','2022 Brave Girls 1st CONCERT ［THE BRAVE GIRLS SHOW］'),(20,'A','[{\"id\":42,\"name\":\"OY_MY_GIRL\"}]','2022-05-10','{\"gif\":\"http://j6b108.p.ssafy.io:9090/files/URIImg/e84f0044-672f-4fcc-a635-e1db2fda91c9_oh3.gif\",\"mp4\":\"http://j6b108.p.ssafy.io:9090/files/URIImg/dbd4e0d8-2503-427c-bfe8-52907bd0e0d2_ezgif.com-gif-maker (25).mp4\"}','서울 잠실','13','{\"id\":28627,\"seat\":\"11\",\"status\":0}','12:00','MY GIRL CONCERT 겨울동화 : The Lost Memory'),(21,'가','[{\"id\":39,\"name\":\"BRAVE_GIRLS\"}]','2022-01-15','{\"gif\":\"http://j6b108.p.ssafy.io:9090/files/URIImg/6ca24edd-b73f-41e5-bafd-d3c5fd26f18b_2.gif\",\"mp4\":\"http://j6b108.p.ssafy.io:9090/files/URIImg/ea2a9991-1a4f-46fe-bc11-d307c0eb438a_2.mp4\"}','올림픽공원 올림픽홀','10','{\"id\":28196,\"seat\":\"20\",\"status\":0}','18:00','2022 Brave Girls 1st CONCERT ［THE BRAVE GIRLS SHOW］'),(22,'A','[{\"id\":42,\"name\":\"OY_MY_GIRL\"}]','2022-05-10','{\"gif\":\"http://j6b108.p.ssafy.io:9090/files/URIImg/e84f0044-672f-4fcc-a635-e1db2fda91c9_oh3.gif\",\"mp4\":\"http://j6b108.p.ssafy.io:9090/files/URIImg/dbd4e0d8-2503-427c-bfe8-52907bd0e0d2_ezgif.com-gif-maker (25).mp4\"}','서울 잠실','13','{\"id\":28637,\"seat\":\"21\",\"status\":0}','12:00','MY GIRL CONCERT 겨울동화 : The Lost Memory'),(23,'나','[{\"id\":39,\"name\":\"BRAVE_GIRLS\"}]','2022-01-15','{\"gif\":\"http://j6b108.p.ssafy.io:9090/files/URIImg/777e0022-b85c-42ae-9161-2fab9a2b5c9e_3.gif\",\"mp4\":\"http://j6b108.p.ssafy.io:9090/files/URIImg/553a2bef-d130-489f-9dd9-3dc4633ab101_3.mp4\"}','올림픽공원 올림픽홀','10','{\"id\":28200,\"seat\":\"4\",\"status\":0}','18:00','2022 Brave Girls 1st CONCERT ［THE BRAVE GIRLS SHOW］'),(24,'1','[{\"id\":43,\"name\":\"1\"}]','2021-03-03','{\"gif\":\"http://j6b108.p.ssafy.io:9090/files/URIImg/a3609d0f-3be4-4be4-bd5c-a44738ed4ac2_1.gif\",\"mp4\":\"http://j6b108.p.ssafy.io:9090/files/URIImg/a04e4295-a905-4f69-9bac-d6f74d43c46c_1.mp4\"}','1','1','{\"id\":28677,\"seat\":\"1\",\"status\":0}','09:00','판매등록 테스트'),(25,'A','[{\"id\":42,\"name\":\"OY_MY_GIRL\"}]','2022-05-10','{\"gif\":\"http://j6b108.p.ssafy.io:9090/files/URIImg/fe938840-998c-4ce7-bed7-85b697760f01_0h2.gif\",\"mp4\":\"http://j6b108.p.ssafy.io:9090/files/URIImg/cd5f5e65-5626-44c2-bbc9-0ac74599ceb4_ezgif.com-gif-maker (23).mp4\"}','서울 잠실','13','{\"id\":28644,\"seat\":\"28\",\"status\":0}','12:00','MY GIRL CONCERT 겨울동화 : The Lost Memory'),(26,'3','[{\"id\":47,\"name\":\"IU\"}]','2022-04-16','{\"gif\":\"http://j6b108.p.ssafy.io:9090/files/URIImg/96d09e11-87c8-4660-ac6d-5c3000637859_iu3.gif\",\"mp4\":\"http://j6b108.p.ssafy.io:9090/files/URIImg/61e9a546-8f8b-4aa4-9797-21a0182b9f22_iu3.video.mp4\"}','서울 고척 스카이돔','12','{\"id\":31414,\"seat\":\"16\",\"status\":0}','19:00','2019 아이유 투어 콘서트 〈LOVE， POEM〉－서울'),(27,'2','[{\"id\":47,\"name\":\"IU\"}]','2022-04-17','{\"gif\":\"http://j6b108.p.ssafy.io:9090/files/URIImg/96d09e11-87c8-4660-ac6d-5c3000637859_iu3.gif\",\"mp4\":\"http://j6b108.p.ssafy.io:9090/files/URIImg/61e9a546-8f8b-4aa4-9797-21a0182b9f22_iu3.video.mp4\"}','서울 고척 스카이돔','12','{\"id\":31589,\"seat\":\"11\",\"status\":0}','19:00','2019 아이유 투어 콘서트 〈LOVE， POEM〉－서울'),(28,'B1','[{\"id\":45,\"name\":\"BRAVE_GIRLS\"}]','2022-01-15','{\"gif\":\"http://j6b108.p.ssafy.io:9090/files/URIImg/8d0a7afa-5067-44c8-ba99-7c019fcf59e6_2.gif\",\"mp4\":\"http://j6b108.p.ssafy.io:9090/files/URIImg/903cb78d-6e85-4c4d-8539-1e4c4ce3126e_2.mp4\"}','올림픽공원 올림픽홀','15','{\"id\":29318,\"seat\":\"30\",\"status\":0}','18:00','2022 Brave Girls 1st CONCERT ［THE BRAVE GIRLS SHOW］'),(29,'5','[{\"id\":46,\"name\":\"RED_VELVET\"}]','2022-04-05','{\"gif\":\"http://j6b108.p.ssafy.io:9090/files/URIImg/121d32f0-2f36-4694-abd5-2f2ce06c5cb2_yeri.gif\",\"mp4\":\"http://j6b108.p.ssafy.io:9090/files/URIImg/ae206c07-b600-42d6-9e64-d6ad1ff1c609_yeri.mp4\"}','서울 올림픽 공원','10','{\"id\":29758,\"seat\":\"20\",\"status\":0}','14:00','The ReVe Festival'),(30,'1','[{\"id\":49,\"name\":\"1\"}]','2020-02-02','{\"gif\":\"http://j6b108.p.ssafy.io:9090/files/URIImg/ec7b5301-74ef-4988-bde9-fbc3d71d63f9_1.gif\",\"mp4\":\"http://j6b108.p.ssafy.io:9090/files/URIImg/cf3b9c97-c6ab-4ebe-8073-ceeb703ba7e9_1.mp4\"}','1','1','{\"id\":31960,\"seat\":\"2\",\"status\":0}','02:00','테스트용'),(31,'1','[{\"id\":51,\"name\":\"테스트\"}]','2020-02-02','{\"gif\":\"http://j6b108.p.ssafy.io:9090/files/URIImg/4660681d-918d-494c-a096-679dd149fbc4_0h2.gif\",\"mp4\":\"http://j6b108.p.ssafy.io:9090/files/URIImg/27036fb0-c90c-417b-beaf-ff58e57f2158_ezgif.com-gif-maker (23).mp4\"}','테스트','1','{\"id\":31991,\"seat\":\"11\",\"status\":0}','03:00','테스트'),(32,'1','[{\"id\":51,\"name\":\"테스트\"}]','2020-02-02','{\"gif\":\"http://j6b108.p.ssafy.io:9090/files/URIImg/4660681d-918d-494c-a096-679dd149fbc4_0h2.gif\",\"mp4\":\"http://j6b108.p.ssafy.io:9090/files/URIImg/27036fb0-c90c-417b-beaf-ff58e57f2158_ezgif.com-gif-maker (23).mp4\"}','테스트','1','{\"id\":31992,\"seat\":\"12\",\"status\":0}','03:00','테스트'),(33,'1','[{\"id\":51,\"name\":\"테스트\"}]','2020-02-02','{\"gif\":\"http://j6b108.p.ssafy.io:9090/files/URIImg/4660681d-918d-494c-a096-679dd149fbc4_0h2.gif\",\"mp4\":\"http://j6b108.p.ssafy.io:9090/files/URIImg/27036fb0-c90c-417b-beaf-ff58e57f2158_ezgif.com-gif-maker (23).mp4\"}','테스트','1','{\"id\":31993,\"seat\":\"13\",\"status\":0}','03:00','테스트'),(34,'1','[{\"id\":51,\"name\":\"테스트\"}]','2020-02-02','{\"gif\":\"http://j6b108.p.ssafy.io:9090/files/URIImg/4660681d-918d-494c-a096-679dd149fbc4_0h2.gif\",\"mp4\":\"http://j6b108.p.ssafy.io:9090/files/URIImg/27036fb0-c90c-417b-beaf-ff58e57f2158_ezgif.com-gif-maker (23).mp4\"}','테스트','1','{\"id\":31994,\"seat\":\"14\",\"status\":0}','03:00','테스트'),(35,'1','[{\"id\":51,\"name\":\"테스트\"}]','2020-02-02','{\"gif\":\"http://j6b108.p.ssafy.io:9090/files/URIImg/4660681d-918d-494c-a096-679dd149fbc4_0h2.gif\",\"mp4\":\"http://j6b108.p.ssafy.io:9090/files/URIImg/27036fb0-c90c-417b-beaf-ff58e57f2158_ezgif.com-gif-maker (23).mp4\"}','테스트','1','{\"id\":31984,\"seat\":\"4\",\"status\":0}','03:00','테스트'),(36,'1','[{\"id\":51,\"name\":\"테스트\"}]','2020-02-02','{\"gif\":\"http://j6b108.p.ssafy.io:9090/files/URIImg/4660681d-918d-494c-a096-679dd149fbc4_0h2.gif\",\"mp4\":\"http://j6b108.p.ssafy.io:9090/files/URIImg/27036fb0-c90c-417b-beaf-ff58e57f2158_ezgif.com-gif-maker (23).mp4\"}','테스트','1','{\"id\":31984,\"seat\":\"4\",\"status\":0}','03:00','테스트'),(37,'1','[{\"id\":52,\"name\":\"테스트\"}]','2020-02-02','{\"gif\":\"http://j6b108.p.ssafy.io:9090/files/URIImg/4660681d-918d-494c-a096-679dd149fbc4_0h2.gif\",\"mp4\":\"http://j6b108.p.ssafy.io:9090/files/URIImg/27036fb0-c90c-417b-beaf-ff58e57f2158_ezgif.com-gif-maker (23).mp4\"}','테스트','2','{\"id\":32002,\"seat\":\"2\",\"status\":0}','03:00','되라고~~'),(38,'1','[{\"id\":55,\"name\":\"RED_VELVET\"}]','2022-04-06','{\"gif\":\"http://j6b108.p.ssafy.io:9090/files/URIImg/6a6fa869-1172-4580-bb11-a3de6dbdf7b1_yeri.gif\",\"mp4\":\"http://j6b108.p.ssafy.io:9090/files/URIImg/bd0c9f30-2ea1-4467-b7d3-2e0079dbd5f7_yeri.mp4\"}','서울 올림픽 공원','12','{\"id\":32602,\"seat\":\"12\",\"status\":0}','14:00','The ReVe Festival'),(39,'나','[{\"id\":56,\"name\":\"BRAVE_GIRLS\"}]','2022-01-15','{\"gif\":\"http://j6b108.p.ssafy.io:9090/files/URIImg/6b503a04-83a2-46f4-84cf-e3a9bca833cb_2.gif\",\"mp4\":\"http://j6b108.p.ssafy.io:9090/files/URIImg/42365b3e-a81e-49d9-98a4-3a0f359a71be_2.mp4\"}','올림픽공원 올림픽홀','10','{\"id\":33693,\"seat\":\"13\",\"status\":0}','18:00','2022 Brave Girls 1st CONCERT ［THE BRAVE GIRLS SHOW］'),(40,'B','[{\"id\":57,\"name\":\"OH_MY_GIRL\"}]','2022-05-10','{\"gif\":\"http://j6b108.p.ssafy.io:9090/files/URIImg/c0a73ad6-5982-436a-b254-f6574eade481_oh5.gif\",\"mp4\":\"http://j6b108.p.ssafy.io:9090/files/URIImg/1cff50f0-bf87-48f3-bd0c-087e2107929a_ezgif.com-gif-maker (27).mp4\"}','서울 잠실','14','{\"id\":34181,\"seat\":\"21\",\"status\":0}','12:00','MY GIRL CONCERT 겨울동화 : The Lost Memory'),(41,'3','[{\"id\":55,\"name\":\"RED_VELVET\"}]','2022-04-05','{\"gif\":\"http://j6b108.p.ssafy.io:9090/files/URIImg/c70c995e-a981-4bfb-851e-b7d5d43e8a22_irin.gif\",\"mp4\":\"http://j6b108.p.ssafy.io:9090/files/URIImg/fe61019f-b2c6-40d5-9f98-b9968cd5406b_irin.mp4\"}','서울 올림픽 공원','12','{\"id\":32100,\"seat\":\"20\",\"status\":0}','14:00','The ReVe Festival'),(42,'1','[{\"id\":55,\"name\":\"RED_VELVET\"}]','2022-04-05','{\"gif\":\"http://j6b108.p.ssafy.io:9090/files/URIImg/9fb922c9-77a5-4753-a865-eb9961ea2ff8_wendy.gif\",\"mp4\":\"http://j6b108.p.ssafy.io:9090/files/URIImg/45db650c-039d-4778-91a1-11e8a5dfebec_wendy.mp4\"}','서울 올림픽 공원','12','{\"id\":32063,\"seat\":\"3\",\"status\":0}','14:00','The ReVe Festival'),(43,'4','[{\"id\":55,\"name\":\"RED_VELVET\"}]','2022-04-06','{\"gif\":\"http://j6b108.p.ssafy.io:9090/files/URIImg/6a6fa869-1172-4580-bb11-a3de6dbdf7b1_yeri.gif\",\"mp4\":\"http://j6b108.p.ssafy.io:9090/files/URIImg/bd0c9f30-2ea1-4467-b7d3-2e0079dbd5f7_yeri.mp4\"}','서울 올림픽 공원','12','{\"id\":32660,\"seat\":\"20\",\"status\":0}','14:00','The ReVe Festival'),(44,'B','[{\"id\":57,\"name\":\"OH_MY_GIRL\"}]','2022-05-10','{\"gif\":\"http://j6b108.p.ssafy.io:9090/files/URIImg/c0a73ad6-5982-436a-b254-f6574eade481_oh5.gif\",\"mp4\":\"http://j6b108.p.ssafy.io:9090/files/URIImg/1cff50f0-bf87-48f3-bd0c-087e2107929a_ezgif.com-gif-maker (27).mp4\"}','서울 잠실','14','{\"id\":34189,\"seat\":\"29\",\"status\":0}','12:00','MY GIRL CONCERT 겨울동화 : The Lost Memory'),(45,'가','[{\"id\":57,\"name\":\"OH_MY_GIRL\"}]','2022-05-10','{\"gif\":\"http://j6b108.p.ssafy.io:9090/files/URIImg/f10b97d4-5696-4ea2-ad7c-337a3b18c5a6_oh4.gif\",\"mp4\":\"http://j6b108.p.ssafy.io:9090/files/URIImg/554fe58d-70c1-4cac-be87-c1eeeba9bb51_ezgif.com-gif-maker (26).mp4\"}','서울 잠실','14','{\"id\":34210,\"seat\":\"20\",\"status\":0}','12:00','MY GIRL CONCERT 겨울동화 : The Lost Memory'),(46,'다','[{\"id\":56,\"name\":\"BRAVE_GIRLS\"}]','2022-01-15','{\"gif\":\"http://j6b108.p.ssafy.io:9090/files/URIImg/144f3e88-5942-478c-8b4a-d83f10d3b3b5_3.gif\",\"mp4\":\"http://j6b108.p.ssafy.io:9090/files/URIImg/2c38efdb-495e-477f-89f7-768aa5c0e1c1_3.mp4\"}','올림픽공원 올림픽홀','10','{\"id\":33740,\"seat\":\"30\",\"status\":0}','18:00','2022 Brave Girls 1st CONCERT ［THE BRAVE GIRLS SHOW］'),(47,'4','[{\"id\":55,\"name\":\"RED_VELVET\"}]','2022-04-06','{\"gif\":\"http://j6b108.p.ssafy.io:9090/files/URIImg/e395fc12-869b-4398-b2b2-c7fbee7cfcc7_sulgi.gif\",\"mp4\":\"http://j6b108.p.ssafy.io:9090/files/URIImg/9273093a-df8c-472a-85c2-abcf017e79ea_sulgi.mp4\"}','서울 올림픽 공원','12','{\"id\":33190,\"seat\":\"20\",\"status\":0}','22:00','The ReVe Festival'),(48,'B','[{\"id\":57,\"name\":\"OH_MY_GIRL\"}]','2022-05-10','{\"gif\":\"http://j6b108.p.ssafy.io:9090/files/URIImg/f10b97d4-5696-4ea2-ad7c-337a3b18c5a6_oh4.gif\",\"mp4\":\"http://j6b108.p.ssafy.io:9090/files/URIImg/554fe58d-70c1-4cac-be87-c1eeeba9bb51_ezgif.com-gif-maker (26).mp4\"}','서울 잠실','14','{\"id\":34180,\"seat\":\"20\",\"status\":0}','12:00','MY GIRL CONCERT 겨울동화 : The Lost Memory'),(49,'5','[{\"id\":63,\"name\":\"ASTRO\"}]','2022-04-09','{\"gif\":\"http://j6b108.p.ssafy.io:9090/files/URIImg/bc88a8ec-7973-403b-ad69-e4679db1d25e_chch.gif\",\"mp4\":\"http://j6b108.p.ssafy.io:9090/files/URIImg/48860ebb-ec99-403e-a634-b38667890036_chch.mp4\"}','올림픽공원 SK핸드볼경기장','9','{\"id\":36687,\"seat\":\"12\",\"status\":0}','19:00','2022 ASTRO AROHA FESTIVAL ‘GATE 6’ - 오프라인'),(50,'6','[{\"id\":63,\"name\":\"ASTRO\"}]','2022-04-09','{\"gif\":\"http://j6b108.p.ssafy.io:9090/files/URIImg/febb6eb8-6754-4043-92b8-d138939bab44_cew.gif\",\"mp4\":\"http://j6b108.p.ssafy.io:9090/files/URIImg/6f8881fb-05dd-432b-9dc6-ce61b50169c6_cew.mp4\"}','올림픽공원 SK핸드볼경기장','9','{\"id\":36704,\"seat\":\"14\",\"status\":0}','19:00','2022 ASTRO AROHA FESTIVAL ‘GATE 6’ - 오프라인'),(51,'1','[{\"id\":55,\"name\":\"RED_VELVET\"}]','2022-04-05','{\"gif\":\"http://j6b108.p.ssafy.io:9090/files/URIImg/e395fc12-869b-4398-b2b2-c7fbee7cfcc7_sulgi.gif\",\"mp4\":\"http://j6b108.p.ssafy.io:9090/files/URIImg/9273093a-df8c-472a-85c2-abcf017e79ea_sulgi.mp4\"}','서울 올림픽 공원','12','{\"id\":32065,\"seat\":\"5\",\"status\":0}','14:00','The ReVe Festival'),(52,'B','[{\"id\":57,\"name\":\"OH_MY_GIRL\"}]','2022-05-10','{\"gif\":\"http://j6b108.p.ssafy.io:9090/files/URIImg/fa72c02e-8cf1-4188-bc11-3fd10d4d2c6d_oh1.gif\",\"mp4\":\"http://j6b108.p.ssafy.io:9090/files/URIImg/7512a3ba-decb-42fd-aca1-fb064aceab8b_ezgif.com-gif-maker (24).mp4\"}','서울 잠실','14','{\"id\":34170,\"seat\":\"10\",\"status\":0}','12:00','MY GIRL CONCERT 겨울동화 : The Lost Memory'),(53,'A','[{\"id\":57,\"name\":\"OH_MY_GIRL\"}]','2022-05-10','{\"gif\":\"http://j6b108.p.ssafy.io:9090/files/URIImg/f10b97d4-5696-4ea2-ad7c-337a3b18c5a6_oh4.gif\",\"mp4\":\"http://j6b108.p.ssafy.io:9090/files/URIImg/554fe58d-70c1-4cac-be87-c1eeeba9bb51_ezgif.com-gif-maker (26).mp4\"}','서울 잠실','14','{\"id\":34142,\"seat\":\"12\",\"status\":0}','12:00','MY GIRL CONCERT 겨울동화 : The Lost Memory'),(54,'4','[{\"id\":63,\"name\":\"ASTRO\"}]','2022-04-09','{\"gif\":\"http://j6b108.p.ssafy.io:9090/files/URIImg/febb6eb8-6754-4043-92b8-d138939bab44_cew.gif\",\"mp4\":\"http://j6b108.p.ssafy.io:9090/files/URIImg/6f8881fb-05dd-432b-9dc6-ce61b50169c6_cew.mp4\"}','올림픽공원 SK핸드볼경기장','9','{\"id\":36350,\"seat\":\"5\",\"status\":0}','13:00','2022 ASTRO AROHA FESTIVAL ‘GATE 6’ - 오프라인'),(55,'B','[{\"id\":57,\"name\":\"OH_MY_GIRL\"}]','2022-05-10','{\"gif\":\"http://j6b108.p.ssafy.io:9090/files/URIImg/c59d6aa3-ae22-417a-a75b-b3398a548dd6_oh6.gif\",\"mp4\":\"http://j6b108.p.ssafy.io:9090/files/URIImg/febef437-aec1-4b37-b34f-f32365188413_ezgif.com-gif-maker (28).mp4\"}','서울 잠실','14','{\"id\":34171,\"seat\":\"11\",\"status\":0}','12:00','MY GIRL CONCERT 겨울동화 : The Lost Memory'),(56,'가','[{\"id\":56,\"name\":\"BRAVE_GIRLS\"}]','2022-01-15','{\"gif\":\"http://j6b108.p.ssafy.io:9090/files/URIImg/edcf98c9-5353-4ee0-b971-b61d400827fb_1.gif\",\"mp4\":\"http://j6b108.p.ssafy.io:9090/files/URIImg/a9d26eaa-e6d6-4d79-be69-8b826543e111_1.mp4\"}','올림픽공원 올림픽홀','10','{\"id\":33670,\"seat\":\"20\",\"status\":0}','18:00','2022 Brave Girls 1st CONCERT ［THE BRAVE GIRLS SHOW］'),(57,'3','[{\"id\":63,\"name\":\"ASTRO\"}]','2022-04-09','{\"gif\":\"http://j6b108.p.ssafy.io:9090/files/URIImg/febb6eb8-6754-4043-92b8-d138939bab44_cew.gif\",\"mp4\":\"http://j6b108.p.ssafy.io:9090/files/URIImg/6f8881fb-05dd-432b-9dc6-ce61b50169c6_cew.mp4\"}','올림픽공원 SK핸드볼경기장','9','{\"id\":36646,\"seat\":\"1\",\"status\":0}','19:00','2022 ASTRO AROHA FESTIVAL ‘GATE 6’ - 오프라인'),(58,'나','[{\"id\":56,\"name\":\"BRAVE_GIRLS\"}]','2022-01-15','{\"gif\":\"http://j6b108.p.ssafy.io:9090/files/URIImg/edcf98c9-5353-4ee0-b971-b61d400827fb_1.gif\",\"mp4\":\"http://j6b108.p.ssafy.io:9090/files/URIImg/a9d26eaa-e6d6-4d79-be69-8b826543e111_1.mp4\"}','올림픽공원 올림픽홀','10','{\"id\":33701,\"seat\":\"21\",\"status\":0}','18:00','2022 Brave Girls 1st CONCERT ［THE BRAVE GIRLS SHOW］'),(59,'라','[{\"id\":56,\"name\":\"BRAVE_GIRLS\"}]','2022-01-16','{\"gif\":\"http://j6b108.p.ssafy.io:9090/files/URIImg/edcf98c9-5353-4ee0-b971-b61d400827fb_1.gif\",\"mp4\":\"http://j6b108.p.ssafy.io:9090/files/URIImg/a9d26eaa-e6d6-4d79-be69-8b826543e111_1.mp4\"}','올림픽공원 올림픽홀','10','{\"id\":34000,\"seat\":\"20\",\"status\":0}','18:00','2022 Brave Girls 1st CONCERT ［THE BRAVE GIRLS SHOW］'),(60,'A','[{\"id\":57,\"name\":\"OH_MY_GIRL\"}]','2022-05-10','{\"gif\":\"http://j6b108.p.ssafy.io:9090/files/URIImg/f10b97d4-5696-4ea2-ad7c-337a3b18c5a6_oh4.gif\",\"mp4\":\"http://j6b108.p.ssafy.io:9090/files/URIImg/554fe58d-70c1-4cac-be87-c1eeeba9bb51_ezgif.com-gif-maker (26).mp4\"}','서울 잠실','14','{\"id\":34137,\"seat\":\"7\",\"status\":0}','12:00','MY GIRL CONCERT 겨울동화 : The Lost Memory'),(61,'12','[{\"id\":63,\"name\":\"ASTRO\"}]','2022-04-19','{\"gif\":\"http://j6b108.p.ssafy.io:9090/files/URIImg/febb6eb8-6754-4043-92b8-d138939bab44_cew.gif\",\"mp4\":\"http://j6b108.p.ssafy.io:9090/files/URIImg/6f8881fb-05dd-432b-9dc6-ce61b50169c6_cew.mp4\"}','올림픽공원 SK핸드볼경기장','9','{\"id\":36466,\"seat\":\"1\",\"status\":0}','13:00','2022 ASTRO AROHA FESTIVAL ‘GATE 6’ - 오프라인'),(62,'가','[{\"id\":56,\"name\":\"BRAVE_GIRLS\"}]','2022-01-15','{\"gif\":\"http://j6b108.p.ssafy.io:9090/files/URIImg/6b503a04-83a2-46f4-84cf-e3a9bca833cb_2.gif\",\"mp4\":\"http://j6b108.p.ssafy.io:9090/files/URIImg/42365b3e-a81e-49d9-98a4-3a0f359a71be_2.mp4\"}','올림픽공원 올림픽홀','10','{\"id\":33680,\"seat\":\"30\",\"status\":0}','18:00','2022 Brave Girls 1st CONCERT ［THE BRAVE GIRLS SHOW］'),(63,'4','[{\"id\":55,\"name\":\"RED_VELVET\"}]','2022-04-15','{\"gif\":\"http://j6b108.p.ssafy.io:9090/files/URIImg/9fb922c9-77a5-4753-a865-eb9961ea2ff8_wendy.gif\",\"mp4\":\"http://j6b108.p.ssafy.io:9090/files/URIImg/45db650c-039d-4778-91a1-11e8a5dfebec_wendy.mp4\"}','서울 올림픽 공원','12','{\"id\":32123,\"seat\":\"13\",\"status\":0}','14:00','The ReVe Festival'),(64,'B','[{\"id\":57,\"name\":\"OH_MY_GIRL\"}]','2022-05-10','{\"gif\":\"http://j6b108.p.ssafy.io:9090/files/URIImg/04734e1f-1028-4db0-83e7-b5aa0c1281a0_0h2.gif\",\"mp4\":\"http://j6b108.p.ssafy.io:9090/files/URIImg/d9696a85-dcbf-4473-8fef-2500fa906365_ezgif.com-gif-maker (23).mp4\"}','서울 잠실','14','{\"id\":34188,\"seat\":\"28\",\"status\":0}','12:00','MY GIRL CONCERT 겨울동화 : The Lost Memory'),(65,'가','[{\"id\":57,\"name\":\"OH_MY_GIRL\"}]','2022-05-10','{\"gif\":\"http://j6b108.p.ssafy.io:9090/files/URIImg/c59d6aa3-ae22-417a-a75b-b3398a548dd6_oh6.gif\",\"mp4\":\"http://j6b108.p.ssafy.io:9090/files/URIImg/febef437-aec1-4b37-b34f-f32365188413_ezgif.com-gif-maker (28).mp4\"}','서울 잠실','14','{\"id\":34218,\"seat\":\"28\",\"status\":0}','12:00','MY GIRL CONCERT 겨울동화 : The Lost Memory'),(66,'A','[{\"id\":57,\"name\":\"OH_MY_GIRL\"}]','2022-05-10','{\"gif\":\"http://j6b108.p.ssafy.io:9090/files/URIImg/c0a73ad6-5982-436a-b254-f6574eade481_oh5.gif\",\"mp4\":\"http://j6b108.p.ssafy.io:9090/files/URIImg/1cff50f0-bf87-48f3-bd0c-087e2107929a_ezgif.com-gif-maker (27).mp4\"}','서울 잠실','14','{\"id\":34150,\"seat\":\"20\",\"status\":0}','12:00','MY GIRL CONCERT 겨울동화 : The Lost Memory'),(67,'4','[{\"id\":66,\"name\":\"RED_VELVET\"}]','2022-04-08','{\"gif\":\"http://j6b108.p.ssafy.io:9090/files/URIImg/10bb2c5b-a614-4f8f-a8d1-caf47653ad4c_yeri.gif\",\"mp4\":\"http://j6b108.p.ssafy.io:9090/files/URIImg/15eb8654-3789-4184-8a1f-f35912076466_yeri.mp4\"}','서울 올림픽 공원','15','{\"id\":38882,\"seat\":\"12\",\"status\":0}','09:00','The ReVe Festival'),(68,'다','[{\"id\":68,\"name\":\"BRAVE_GIRLS\"}]','2022-05-15','{\"gif\":\"http://j6b108.p.ssafy.io:9090/files/URIImg/b911fae0-42c9-407e-9fb8-53313b8971c3_3.gif\",\"mp4\":\"http://j6b108.p.ssafy.io:9090/files/URIImg/9fc0adca-c3de-4e87-bb03-763a4de5ae4d_3.mp4\"}','올림픽공원 올림픽홀','10','{\"id\":41651,\"seat\":\"11\",\"status\":0}','18:00','2022 Brave Girls 1st CONCERT ［THE BRAVE GIRLS SHOW］'),(69,'3','[{\"id\":66,\"name\":\"RED_VELVET\"}]','2022-04-10','{\"gif\":\"http://j6b108.p.ssafy.io:9090/files/URIImg/10bb2c5b-a614-4f8f-a8d1-caf47653ad4c_yeri.gif\",\"mp4\":\"http://j6b108.p.ssafy.io:9090/files/URIImg/15eb8654-3789-4184-8a1f-f35912076466_yeri.mp4\"}','서울 올림픽 공원','15','{\"id\":39631,\"seat\":\"1\",\"status\":0}','22:00','The ReVe Festival'),(70,'B','[{\"id\":69,\"name\":\"OH_MY_GIRL\"}]','2022-05-10','{\"gif\":\"http://j6b108.p.ssafy.io:9090/files/URIImg/cb45c911-91bb-4e97-8ad7-59de278c1d61_oh6.gif\",\"mp4\":\"http://j6b108.p.ssafy.io:9090/files/URIImg/1839c40e-3e0a-4bf3-9081-9d24e81e12e3_ezgif.com-gif-maker (28).mp4\"}','서울 잠실','13','{\"id\":42093,\"seat\":\"3\",\"status\":0}','12:00','MY GIRL CONCERT 겨울동화 : The Lost Memory'),(71,'3','[{\"id\":66,\"name\":\"RED_VELVET\"}]','2022-04-08','{\"gif\":\"http://j6b108.p.ssafy.io:9090/files/URIImg/6d7cbf45-fd9f-4c5b-b1e6-6f1dfccd0594_irin.gif\",\"mp4\":\"http://j6b108.p.ssafy.io:9090/files/URIImg/87d0b947-a3ab-46dd-a881-598595fcf466_irin.mp4\"}','서울 올림픽 공원','15','{\"id\":38851,\"seat\":\"1\",\"status\":0}','09:00','The ReVe Festival'),(72,'3','[{\"id\":66,\"name\":\"RED_VELVET\"}]','2022-04-08','{\"gif\":\"http://j6b108.p.ssafy.io:9090/files/URIImg/5e296941-283a-41bd-9d97-a027db7e8afb_wendy.gif\",\"mp4\":\"http://j6b108.p.ssafy.io:9090/files/URIImg/553dafd5-5bde-4750-bc84-a43c98f503bd_wendy.mp4\"}','서울 올림픽 공원','15','{\"id\":38870,\"seat\":\"20\",\"status\":0}','09:00','The ReVe Festival'),(73,'A','[{\"id\":69,\"name\":\"OH_MY_GIRL\"}]','2022-05-10','{\"gif\":\"http://j6b108.p.ssafy.io:9090/files/URIImg/8544c80d-7c98-4705-9776-4936a8e61fcf_oh4.gif\",\"mp4\":\"http://j6b108.p.ssafy.io:9090/files/URIImg/0c6b79d2-fce8-4bb4-9cf9-f5735e3a2de1_ezgif.com-gif-maker (26).mp4\"}','서울 잠실','13','{\"id\":42063,\"seat\":\"3\",\"status\":0}','12:00','MY GIRL CONCERT 겨울동화 : The Lost Memory'),(74,'5','[{\"id\":66,\"name\":\"RED_VELVET\"}]','2022-04-08','{\"gif\":\"http://j6b108.p.ssafy.io:9090/files/URIImg/a3c5f3e0-87aa-4ef4-aaa9-1863155ed3ae_joy.gif\",\"mp4\":\"http://j6b108.p.ssafy.io:9090/files/URIImg/8835342a-cb75-44ab-90b2-70236fa57954_joy.mp4\"}','서울 올림픽 공원','15','{\"id\":38892,\"seat\":\"2\",\"status\":0}','09:00','The ReVe Festival'),(75,'3','[{\"id\":66,\"name\":\"RED_VELVET\"}]','2022-04-08','{\"gif\":\"http://j6b108.p.ssafy.io:9090/files/URIImg/5e296941-283a-41bd-9d97-a027db7e8afb_wendy.gif\",\"mp4\":\"http://j6b108.p.ssafy.io:9090/files/URIImg/553dafd5-5bde-4750-bc84-a43c98f503bd_wendy.mp4\"}','서울 올림픽 공원','15','{\"id\":38870,\"seat\":\"20\",\"status\":0}','09:00','The ReVe Festival'),(76,'가','[{\"id\":68,\"name\":\"BRAVE_GIRLS\"}]','2022-05-15','{\"gif\":\"http://j6b108.p.ssafy.io:9090/files/URIImg/10f9e9bf-ee66-4f0e-aee5-c1bf8ef24b98_1.gif\",\"mp4\":\"http://j6b108.p.ssafy.io:9090/files/URIImg/3453676d-a56a-4f83-8f57-df8a1ceb24f5_1.mp4\"}','올림픽공원 올림픽홀','10','{\"id\":41591,\"seat\":\"11\",\"status\":0}','18:00','2022 Brave Girls 1st CONCERT ［THE BRAVE GIRLS SHOW］'),(77,'B','[{\"id\":76,\"name\":\"RED_VELVET\"}]','2022-04-08','{\"gif\":\"http://j6b108.p.ssafy.io:9090/files/URIImg/c1ac2340-8c87-4339-a736-4be11e139f0a_joy.gif\",\"mp4\":\"http://j6b108.p.ssafy.io:9090/files/URIImg/84af3424-56b9-48c9-b8f1-f62dcbbba125_joy.mp4\"}','서울 올림픽 공원','15','{\"id\":42454,\"seat\":\"4\",\"status\":0}','09:00','The ReVe Festival'),(78,'C','[{\"id\":76,\"name\":\"RED_VELVET\"}]','2022-04-08','{\"gif\":\"http://j6b108.p.ssafy.io:9090/files/URIImg/c1ac2340-8c87-4339-a736-4be11e139f0a_joy.gif\",\"mp4\":\"http://j6b108.p.ssafy.io:9090/files/URIImg/84af3424-56b9-48c9-b8f1-f62dcbbba125_joy.mp4\"}','서울 올림픽 공원','15','{\"id\":42499,\"seat\":\"19\",\"status\":0}','09:00','The ReVe Festival'),(79,'C','[{\"id\":76,\"name\":\"RED_VELVET\"}]','2022-04-08','{\"gif\":\"http://j6b108.p.ssafy.io:9090/files/URIImg/c1ac2340-8c87-4339-a736-4be11e139f0a_joy.gif\",\"mp4\":\"http://j6b108.p.ssafy.io:9090/files/URIImg/84af3424-56b9-48c9-b8f1-f62dcbbba125_joy.mp4\"}','서울 올림픽 공원','15','{\"id\":42510,\"seat\":\"30\",\"status\":0}','09:00','The ReVe Festival'),(80,'A','[{\"id\":77,\"name\":\"RED_VELVET\"}]','2022-04-08','{\"gif\":\"http://j6b108.p.ssafy.io:9090/files/URIImg/837c7312-3343-40e9-9ac7-5f1bee5ab62f_wendy.gif\",\"mp4\":\"http://j6b108.p.ssafy.io:9090/files/URIImg/39b80fab-ecec-4ca9-8eae-98c7ff1b1f7f_wendy.mp4\"}','서울 올림픽 공원','15','{\"id\":42872,\"seat\":\"2\",\"status\":0}','09:00','The ReVe Festival'),(81,'가','[{\"id\":69,\"name\":\"OH_MY_GIRL\"}]','2022-05-10','{\"gif\":\"http://j6b108.p.ssafy.io:9090/files/URIImg/8544c80d-7c98-4705-9776-4936a8e61fcf_oh4.gif\",\"mp4\":\"http://j6b108.p.ssafy.io:9090/files/URIImg/0c6b79d2-fce8-4bb4-9cf9-f5735e3a2de1_ezgif.com-gif-maker (26).mp4\"}','서울 잠실','13','{\"id\":42121,\"seat\":\"1\",\"status\":0}','12:00','MY GIRL CONCERT 겨울동화 : The Lost Memory'),(82,'A','[{\"id\":78,\"name\":\"RED_VELVET\"}]','2022-04-08','{\"gif\":\"http://j6b108.p.ssafy.io:9090/files/URIImg/3730260d-cbf0-495f-876b-33d5bcab1bd9_sulgi.gif\",\"mp4\":\"http://j6b108.p.ssafy.io:9090/files/URIImg/dcb03d6d-4624-4950-8265-968a619bdbd6_sulgi.mp4\"}','서울 올림픽 공원','15','{\"id\":43322,\"seat\":\"2\",\"status\":0}','09:00','The ReVe Festival'),(83,'B','[{\"id\":78,\"name\":\"RED_VELVET\"}]','2022-04-08','{\"gif\":\"http://j6b108.p.ssafy.io:9090/files/URIImg/8171dad3-834e-45f3-bca9-63a078e93e20_yeri.gif\",\"mp4\":\"http://j6b108.p.ssafy.io:9090/files/URIImg/0f0edee9-83e6-42b1-8fd0-a028c8d3033b_yeri.mp4\"}','서울 올림픽 공원','15','{\"id\":43352,\"seat\":\"2\",\"status\":0}','09:00','The ReVe Festival'),(84,'A','[{\"id\":78,\"name\":\"RED_VELVET\"}]','2022-04-08','{\"gif\":\"http://j6b108.p.ssafy.io:9090/files/URIImg/3730260d-cbf0-495f-876b-33d5bcab1bd9_sulgi.gif\",\"mp4\":\"http://j6b108.p.ssafy.io:9090/files/URIImg/dcb03d6d-4624-4950-8265-968a619bdbd6_sulgi.mp4\"}','서울 올림픽 공원','15','{\"id\":43340,\"seat\":\"20\",\"status\":0}','09:00','The ReVe Festival'),(85,'A','[{\"id\":78,\"name\":\"RED_VELVET\"}]','2022-04-08','{\"gif\":\"http://j6b108.p.ssafy.io:9090/files/URIImg/837c7312-3343-40e9-9ac7-5f1bee5ab62f_wendy.gif\",\"mp4\":\"http://j6b108.p.ssafy.io:9090/files/URIImg/39b80fab-ecec-4ca9-8eae-98c7ff1b1f7f_wendy.mp4\"}','서울 올림픽 공원','15','{\"id\":43333,\"seat\":\"13\",\"status\":0}','09:00','The ReVe Festival'),(86,'2','[{\"id\":79,\"name\":\"ASTRO\"}]','2022-04-08','{\"gif\":\"http://j6b108.p.ssafy.io:9090/files/URIImg/83881fba-5b84-4513-9c2a-22be010bce48_cew.gif\",\"mp4\":\"http://j6b108.p.ssafy.io:9090/files/URIImg/c9b3b63c-0e56-42ad-bbfb-5fdb87df5c57_cew.mp4\"}','올림픽공원 SK핸드볼경기장','13','{\"id\":43802,\"seat\":\"2\",\"status\":0}','09:00','2022 ASTRO AROHA FESTIVAL ‘GATE 6’ - 오프라인'),(87,'1','[{\"id\":79,\"name\":\"ASTRO\"}]','2022-04-08','{\"gif\":\"http://j6b108.p.ssafy.io:9090/files/URIImg/ca7ab006-c9d8-490d-bf65-ed254599255f_moon.gif\",\"mp4\":\"http://j6b108.p.ssafy.io:9090/files/URIImg/983ab5fb-42b3-4aa7-97b6-d45bc8161f1d_moon.mp4\"}','올림픽공원 SK핸드볼경기장','13','{\"id\":43791,\"seat\":\"21\",\"status\":0}','09:00','2022 ASTRO AROHA FESTIVAL ‘GATE 6’ - 오프라인'),(88,'1','[{\"id\":79,\"name\":\"ASTRO\"}]','2022-04-08','{\"gif\":\"http://j6b108.p.ssafy.io:9090/files/URIImg/ca7ab006-c9d8-490d-bf65-ed254599255f_moon.gif\",\"mp4\":\"http://j6b108.p.ssafy.io:9090/files/URIImg/983ab5fb-42b3-4aa7-97b6-d45bc8161f1d_moon.mp4\"}','올림픽공원 SK핸드볼경기장','13','{\"id\":43790,\"seat\":\"20\",\"status\":0}','09:00','2022 ASTRO AROHA FESTIVAL ‘GATE 6’ - 오프라인'),(89,'A','[{\"id\":81,\"name\":\"BTS\"}]','2022-04-08','{\"gif\":\"http://j6b108.p.ssafy.io:9090/files/URIImg/72b6f0f1-601e-44e5-b100-98776cadaebf_jin.gif\",\"mp4\":\"http://j6b108.p.ssafy.io:9090/files/URIImg/fd1e6405-1729-4826-a0cd-716b9757ef23_jin.mp4\"}','서울 고척스카이돔','21','{\"id\":45033,\"seat\":\"3\",\"status\":0}','09:00','bts world tour love yourself speak yourself the final'),(90,'2','[{\"id\":82,\"name\":\"BTS\"}]','2022-04-08','{\"gif\":\"http://j6b108.p.ssafy.io:9090/files/URIImg/86f959d0-e200-49dc-a245-d9668313f7fe_jhope.gif\",\"mp4\":\"http://j6b108.p.ssafy.io:9090/files/URIImg/2c224071-a201-4678-b926-ef11a0180ada_jhope.mp4\"}','서울 고척 스카이돔','31','{\"id\":45722,\"seat\":\"2\",\"status\":0}','09:00','bts permission to dance on stage - seoul'),(91,'R','[{\"id\":82,\"name\":\"BTS\"}]','2022-04-08','{\"gif\":\"http://j6b108.p.ssafy.io:9090/files/URIImg/a26d8048-e3b0-4bbd-bfda-6b16f96b0b9e_rm.gif\",\"mp4\":\"http://j6b108.p.ssafy.io:9090/files/URIImg/967d6eb8-ac8e-4944-9bce-49d70a9ad0b2_rm.mp4\"}','서울 고척 스카이돔','31','{\"id\":46041,\"seat\":\"21\",\"status\":0}','09:00','bts permission to dance on stage - seoul'),(92,'A','[{\"id\":81,\"name\":\"BTS\"}]','2022-04-08','{\"gif\":\"http://j6b108.p.ssafy.io:9090/files/URIImg/94046cfa-2b74-48be-ac00-fc339b05e87c_rm.gif\",\"mp4\":\"http://j6b108.p.ssafy.io:9090/files/URIImg/db14131e-463a-4630-9ac0-58492783471e_rm.mp4\"}','서울 고척스카이돔','21','{\"id\":45060,\"seat\":\"30\",\"status\":0}','09:00','bts world tour love yourself speak yourself the final'),(93,'9','[{\"id\":81,\"name\":\"BTS\"}]','2022-04-08','{\"gif\":\"http://j6b108.p.ssafy.io:9090/files/URIImg/537bbac7-e444-4d75-a610-46753aec40bb_hop.gif\",\"mp4\":\"http://j6b108.p.ssafy.io:9090/files/URIImg/61a95b51-18a9-4b2b-8277-675e18b18ad4_hop.mp4\"}','서울 고척스카이돔','21','{\"id\":44854,\"seat\":\"4\",\"status\":0}','09:00','bts world tour love yourself speak yourself the final'),(94,'1','[{\"id\":79,\"name\":\"ASTRO\"}]','2022-04-08','{\"gif\":\"http://j6b108.p.ssafy.io:9090/files/URIImg/7f332511-4116-439f-9afd-bfee9c6585f2_sanha.gif\",\"mp4\":\"http://j6b108.p.ssafy.io:9090/files/URIImg/c9585aec-83e8-4144-a555-a069e121d864_sanha.mp4\"}','올림픽공원 SK핸드볼경기장','13','{\"id\":43771,\"seat\":\"1\",\"status\":0}','09:00','2022 ASTRO AROHA FESTIVAL ‘GATE 6’ - 오프라인'),(95,'2','[{\"id\":82,\"name\":\"BTS\"}]','2022-04-08','{\"gif\":\"http://j6b108.p.ssafy.io:9090/files/URIImg/5777d80a-d45c-4591-8098-1b5d91eec98c_v.gif\",\"mp4\":\"http://j6b108.p.ssafy.io:9090/files/URIImg/75c9fa89-4fce-43e1-90e8-3a6ecd452ff6_v.mp4\"}','서울 고척 스카이돔','31','{\"id\":45723,\"seat\":\"3\",\"status\":0}','09:00','bts permission to dance on stage - seoul'),(96,'2','[{\"id\":82,\"name\":\"BTS\"}]','2022-04-08','{\"gif\":\"http://j6b108.p.ssafy.io:9090/files/URIImg/a26d8048-e3b0-4bbd-bfda-6b16f96b0b9e_rm.gif\",\"mp4\":\"http://j6b108.p.ssafy.io:9090/files/URIImg/967d6eb8-ac8e-4944-9bce-49d70a9ad0b2_rm.mp4\"}','서울 고척 스카이돔','31','{\"id\":45724,\"seat\":\"4\",\"status\":0}','09:00','bts permission to dance on stage - seoul');
/*!40000 ALTER TABLE `uri_data` ENABLE KEYS */;
UNLOCK TABLES;
/*!40103 SET TIME_ZONE=@OLD_TIME_ZONE */;

/*!40101 SET SQL_MODE=@OLD_SQL_MODE */;
/*!40014 SET FOREIGN_KEY_CHECKS=@OLD_FOREIGN_KEY_CHECKS */;
/*!40014 SET UNIQUE_CHECKS=@OLD_UNIQUE_CHECKS */;
/*!40101 SET CHARACTER_SET_CLIENT=@OLD_CHARACTER_SET_CLIENT */;
/*!40101 SET CHARACTER_SET_RESULTS=@OLD_CHARACTER_SET_RESULTS */;
/*!40101 SET COLLATION_CONNECTION=@OLD_COLLATION_CONNECTION */;
/*!40111 SET SQL_NOTES=@OLD_SQL_NOTES */;

-- Dump completed on 2022-04-08 13:12:34
